,URL,likes,dislikes
0,https://www.youtube.com/watch?v=ttWQK5VXskA,784677,25441
1,https://www.youtube.com/watch?v=5ula1NjaHUA,37445,723
2,https://www.youtube.com/watch?v=CPK_IdHe1Yg,3781735,145753
3,https://www.youtube.com/watch?v=QVLvD5_6ld0,224538,16484
4,https://www.youtube.com/watch?v=4bMOTTJqGgM,25754,9165
5,https://www.youtube.com/watch?v=KCwK2ECPDLA,42762,1603
6,https://www.youtube.com/watch?v=L40EFeYQmv8,85259,387
7,https://www.youtube.com/watch?v=Gl6ekgobG2k,444028,59264
8,https://www.youtube.com/watch?v=bheqvt6Z8S8,866,28
9,https://www.youtube.com/watch?v=evy4n3gW7LU,1015,22
10,https://www.youtube.com/watch?v=ItsENDU78rs,29794,233
11,https://www.youtube.com/watch?v=gxFPpAbLctk,54641,531
12,https://www.youtube.com/watch?v=wX8W4x2j_0s,29612,867
13,https://www.youtube.com/watch?v=1AKlxgybJwE,2796,458
14,https://www.youtube.com/watch?v=mLugzKRTf-0,2042742,80060
15,https://www.youtube.com/watch?v=v-sJ106h1dU,929872,43042
16,https://www.youtube.com/watch?v=99bGsbcKQZ0,14613,1954
17,https://www.youtube.com/watch?v=luQ0JWcrsWg,1217201,74624
18,https://www.youtube.com/watch?v=9WbCfHutDSE,4917826,178354
19,https://www.youtube.com/watch?v=b2Tk7s3yS2E,2429,157
20,https://www.youtube.com/watch?v=8kAWPnFUbPc,3354,7
21,https://www.youtube.com/watch?v=9ycKaF-64qg,121050,1126
22,https://www.youtube.com/watch?v=KtbVbCTzZd8,1116411,48127
23,https://www.youtube.com/watch?v=FIkoxCo46nQ,6082,234
24,https://www.youtube.com/watch?v=vPwaXytZcgI,2862984,47772
25,https://www.youtube.com/watch?v=7MHlhHaLcTA,369191,2061
26,https://www.youtube.com/watch?v=32si5cfrCNc,14637426,633699
27,https://www.youtube.com/watch?v=9nClXHVdK4I,91796,4737
28,https://www.youtube.com/watch?v=dFp_b5DPIIo,1008018,35252
29,https://www.youtube.com/watch?v=0bLeqiVXkr8,2215,2
30,https://www.youtube.com/watch?v=iVXVYsCSWd8,17457,54
31,https://www.youtube.com/watch?v=jui_hVOwcVw,1527,5
32,https://www.youtube.com/watch?v=C6P6hrWyidA,654297,56454
33,https://www.youtube.com/watch?v=OD5sPf-Kgbc,17440,751
34,https://www.youtube.com/watch?v=GtSRKwDCaZM,5955076,604847
35,https://www.youtube.com/watch?v=HBi-qJZf4pE,4397,0
36,https://www.youtube.com/watch?v=8xg3vE8Ie_E,4261173,114739
37,https://www.youtube.com/watch?v=qleJpzB4q7A,848782,11720
38,https://www.youtube.com/watch?v=YM3uJ6RtBZM,234257,1472
39,https://www.youtube.com/watch?v=Am33ejZH0ew,998,151
40,https://www.youtube.com/watch?v=ZiACjuZI5F8,619,7
41,https://www.youtube.com/watch?v=qz2vodkoj7I,840332,23642
42,https://www.youtube.com/watch?v=RMc9qFrCqno,568883,25273
43,https://www.youtube.com/watch?v=rnMIWj_t3Ow,306693,6962
44,https://www.youtube.com/watch?v=XekMkIJ843w,183709,4176
45,https://www.youtube.com/watch?v=qzRIc14LC9U,334727,2667
46,https://www.youtube.com/watch?v=ED3xFj-jDI8,940188,133897
47,https://www.youtube.com/watch?v=TmKh7lAwnBI,7915026,305255
48,https://www.youtube.com/watch?v=XbGs_qK2PQA,17576797,506901
49,https://www.youtube.com/watch?v=7wtfhZwyrcc,19234585,563265
50,https://www.youtube.com/watch?v=FbQB2TvRe0A,8753,650
51,https://www.youtube.com/watch?v=HhjHYkPQ8F0,4284000,72246
52,https://www.youtube.com/watch?v=ssvrReWSQpk,234333,13331
53,https://www.youtube.com/watch?v=HDyXbkLgmUs,258825,15205
54,https://www.youtube.com/watch?v=XqZsoesa55w,34721770,15955620
55,https://www.youtube.com/watch?v=mpsPysoi1PU,2329,27
56,https://www.youtube.com/watch?v=DwmArG9RGr0,1743,49
57,https://www.youtube.com/watch?v=qclWIFxq2F4,173846,13920
58,https://www.youtube.com/watch?v=fKopy74weus,11153737,511975
59,https://www.youtube.com/watch?v=v2ERulDdSBU,948,1
60,https://www.youtube.com/watch?v=zrJtFy51fRo,189154,7149
61,https://www.youtube.com/watch?v=zLpVBsvcrAg,231620,2527
62,https://www.youtube.com/watch?v=SeeKlms3ik8,14484,5224
63,https://www.youtube.com/watch?v=DmKpePzn5-c,878588,134363
64,https://www.youtube.com/watch?v=mwatzFa-2I0,105595,2867
65,https://www.youtube.com/watch?v=j64oZLF443g,536644,2795
66,https://www.youtube.com/watch?v=o18ToVy9Xsc,2728,54
67,https://www.youtube.com/watch?v=WMweEpGlu_U,21765909,496770
68,https://www.youtube.com/watch?v=ut4ZS7DE02s,199991,900
69,https://www.youtube.com/watch?v=BXLKPrmKMfM,5809,205
70,https://www.youtube.com/watch?v=U8c0moGaDzM,23086,1770
71,https://www.youtube.com/watch?v=yUi_S6YWjZw,1218021,33170
72,https://www.youtube.com/watch?v=wRglA9_3F1U,178,4
73,https://www.youtube.com/watch?v=wI5zWSDiF3s,74625,786
74,https://www.youtube.com/watch?v=heaYw-10T18,209319,4867
75,https://www.youtube.com/watch?v=t99KH0TR-J4,1433506,32806
76,https://www.youtube.com/watch?v=wvpoGzmd5v4,65364,1306
77,https://www.youtube.com/watch?v=dNCWe_6HAM8,11332596,224602
78,https://www.youtube.com/watch?v=1GS7wxWPaxc,3106476,75993
79,https://www.youtube.com/watch?v=zrwTYozyzYA,276737,4466
80,https://www.youtube.com/watch?v=frNjBYk3SRw,405109,23570
81,https://www.youtube.com/watch?v=l3RfXVxo6pQ,4760,5
82,https://www.youtube.com/watch?v=ynqibTQqlaY,118015,6041
83,https://www.youtube.com/watch?v=sBspSJWRT2E,1021866,29885
84,https://www.youtube.com/watch?v=L-D1z0yglk0,3445,135
85,https://www.youtube.com/watch?v=W0DM5lcj6mw,4200940,114742
86,https://www.youtube.com/watch?v=MbeNyTzksFQ,69695,1684
87,https://www.youtube.com/watch?v=CRYJshFLnAU,21290,7
88,https://www.youtube.com/watch?v=3U2dNKBM28o,124130,5583
89,https://www.youtube.com/watch?v=ven84VuUD9w,279,1
90,https://www.youtube.com/watch?v=E0zLBQaqFMc,1691,18
91,https://www.youtube.com/watch?v=pivktB6BFuw,17269,7675
92,https://www.youtube.com/watch?v=Y5WMMFQUP4I,32098,2252
93,https://www.youtube.com/watch?v=N97saaTR7JE,2099599,39109
94,https://www.youtube.com/watch?v=HGXxDOZ-Icg,791,8
95,https://www.youtube.com/watch?v=anbrC6s0RD4,241083,9759
96,https://www.youtube.com/watch?v=D9G1VOjN_84,3941022,30472
97,https://www.youtube.com/watch?v=8w7chA9Wnuw,616522,4205
98,https://www.youtube.com/watch?v=TOg39GWD5-E,28062,165
99,https://www.youtube.com/watch?v=g8545eNAGSo,7747,559
100,https://www.youtube.com/watch?v=6NUnTuzJ5EM,1548,23
101,https://www.youtube.com/watch?v=OBB-0OCCN9U,138933,4137
102,https://www.youtube.com/watch?v=nDP9sOUI6ps,28851,166
103,https://www.youtube.com/watch?v=JGwWNGJdvx8,29579836,1442048
104,https://www.youtube.com/watch?v=ffxKSjUwKdU,7986106,336840
105,https://www.youtube.com/watch?v=zJhdqKEViMk,8846,12
106,https://www.youtube.com/watch?v=NxilU56kPu0,46071,1782
107,https://www.youtube.com/watch?v=VDRSRrytyx8,2190,29
108,https://www.youtube.com/watch?v=g6leIzDuAwg,14485,292
109,https://www.youtube.com/watch?v=1D5cxbDbKMc,224484,3434
110,https://www.youtube.com/watch?v=bibIWBTD_tE,370097,12735
111,https://www.youtube.com/watch?v=kPhpHvnnn0Q,692842,14210
112,https://www.youtube.com/watch?v=6XpLpTiBCQQ,4188,26
113,https://www.youtube.com/watch?v=RNzQdcPWWX4,1872880,57960
114,https://www.youtube.com/watch?v=Q4a9uwV4nmo,580371,54957
115,https://www.youtube.com/watch?v=3R0AlwgcyDE,128110,1491
116,https://www.youtube.com/watch?v=2sn45qRAEzE,309473,3323
117,https://www.youtube.com/watch?v=EIzcw5fVUtY,10255,209
118,https://www.youtube.com/watch?v=1VxNiJ0Zt9k,407,2
119,https://www.youtube.com/watch?v=2bHBUs-k3ac,10268,394
120,https://www.youtube.com/watch?v=AX-J0jFNjFY,946,44
121,https://www.youtube.com/watch?v=qBsXCetqFak,31350,421
122,https://www.youtube.com/watch?v=QY-UcgUi6zI,20537,650
123,https://www.youtube.com/watch?v=m8Xt0yXaDPU,97787,2563
124,https://www.youtube.com/watch?v=QsC1BinUPxo,81082,1626
125,https://www.youtube.com/watch?v=6G7GulQJUIU,409342,33363
126,https://www.youtube.com/watch?v=D4hzD-J-CrU,1319,4
127,https://www.youtube.com/watch?v=oyEuk8j8imI,7798187,517154
128,https://www.youtube.com/watch?v=2cyzCReoNgU,62301,417
129,https://www.youtube.com/watch?v=gm3-m2CFVWM,178563,6726
130,https://www.youtube.com/watch?v=h_D3VFfhvs4,7236363,219090
131,https://www.youtube.com/watch?v=j440-D5JhjI,215161,14049
132,https://www.youtube.com/watch?v=ZSgVayPHuB8,294015,19700
133,https://www.youtube.com/watch?v=c8ztudg6N3k,80787,2207
134,https://www.youtube.com/watch?v=_JOnM3jmY0o,3389469,186257
135,https://www.youtube.com/watch?v=-8MQVIHTjIQ,1301,213
136,https://www.youtube.com/watch?v=ayd3yWr4tqU,2942286,79336
137,https://www.youtube.com/watch?v=WSsKIq0aqK4,2488,1
138,https://www.youtube.com/watch?v=8shw4dd65TU,784,7
139,https://www.youtube.com/watch?v=xH9CBMYSyVQ,9680,230
140,https://www.youtube.com/watch?v=lpgxJiTpHrU,13510,9
141,https://www.youtube.com/watch?v=GuW9nMhIrvw,3644,148
142,https://www.youtube.com/watch?v=EgBJmlPo8Xw,4830300,97584
143,https://www.youtube.com/watch?v=gBRi6aZJGj4,6722600,99464
144,https://www.youtube.com/watch?v=tcYodQoapMg,7751387,165152
145,https://www.youtube.com/watch?v=sQR45_U4W14,9462,525
146,https://www.youtube.com/watch?v=6Dh-RL__uN4,12603276,912750
147,https://www.youtube.com/watch?v=5TBW-uCkvtA,155476,29192
148,https://www.youtube.com/watch?v=nikm4zpKCPM,110314,15165
149,https://www.youtube.com/watch?v=ba7mB8oueCY,3974473,91504
150,https://www.youtube.com/watch?v=DovdIspaqmw,145572,5213
151,https://www.youtube.com/watch?v=zea8Xc54tWc,84079,2018
152,https://www.youtube.com/watch?v=E10WufZ8NkY,95608,1378
153,https://www.youtube.com/watch?v=U9VeFK8HiiQ,355,5
154,https://www.youtube.com/watch?v=KXw8CRapg7k,1037371,20554
155,https://www.youtube.com/watch?v=zoYgCg6i9C8,312277,4
156,https://www.youtube.com/watch?v=Ve_QAHEGR-8,3148,13
157,https://www.youtube.com/watch?v=zB4juWeade8,52487,1158
158,https://www.youtube.com/watch?v=H2yHtylvoiE,215,7
159,https://www.youtube.com/watch?v=OrY8NdV6QVg,4652,26
160,https://www.youtube.com/watch?v=wXhTHyIgQ_U,4379739,101660
161,https://www.youtube.com/watch?v=86kKFYmAMxA,564123,44302
162,https://www.youtube.com/watch?v=Udpjen4ON_8,13033,74
163,https://www.youtube.com/watch?v=x0N2kRv4Vfs,84904,9952
164,https://www.youtube.com/watch?v=ss9ygQqqL2Q,2059805,31168
165,https://www.youtube.com/watch?v=Lf2UNF4cYhg,229151,15093
166,https://www.youtube.com/watch?v=ytQ5CYE1VZw,5147143,197418
167,https://www.youtube.com/watch?v=Pkh8UtuejGw,18963030,564536
168,https://www.youtube.com/watch?v=NzkhFcZogc0,13037,144
169,https://www.youtube.com/watch?v=pTdjcLlElD4,297564,3271
170,https://www.youtube.com/watch?v=gwkqL8PhCXA,118078,1809
171,https://www.youtube.com/watch?v=Z3w5gVM_4y8,1099585,33347
172,https://www.youtube.com/watch?v=BDc6I6NwR8s,2005,24
173,https://www.youtube.com/watch?v=sOnqjkJTMaA,5932006,303083
174,https://www.youtube.com/watch?v=_ce7WX4l55A,679394,15083
175,https://www.youtube.com/watch?v=NIRuH51h6m0,174788,4117
176,https://www.youtube.com/watch?v=FITJWAmz6Es,17400,480
177,https://www.youtube.com/watch?v=dO4dncwDn6U,170659,1619
178,https://www.youtube.com/watch?v=eDJXLXzdgkw,17994,9906
179,https://www.youtube.com/watch?v=jR4vvMblYs0,9829,1346
180,https://www.youtube.com/watch?v=dkeOLGnq938,17335,6988
181,https://www.youtube.com/watch?v=c4BLVznuWnU,1762521,32404
182,https://www.youtube.com/watch?v=5PF10UBKPGI,235899,103185
183,https://www.youtube.com/watch?v=vnR_tbW5Xyc,1876,17
184,https://www.youtube.com/watch?v=CVa3Hwh5IiI,31052,932
185,https://www.youtube.com/watch?v=SXiSVQZLje8,11194228,592579
186,https://www.youtube.com/watch?v=_Yhyp-_hX2s,8264612,223579
187,https://www.youtube.com/watch?v=PV4NGwn_xdI,175454,3860
188,https://www.youtube.com/watch?v=uDAjINEp8H8,482949,11400
189,https://www.youtube.com/watch?v=3farSqm-AxM,65900,1643
190,https://www.youtube.com/watch?v=R05b8gIAiQw,2205,13
191,https://www.youtube.com/watch?v=JnJmBA8N-gY,184327,7538
192,https://www.youtube.com/watch?v=2_YW1abNbxA,1566,355
193,https://www.youtube.com/watch?v=lmpCR1tlYIY,9583,7098
194,https://www.youtube.com/watch?v=qS5FBxzkcXI,1887,65
195,https://www.youtube.com/watch?v=gU2HqP4NxUs,4506517,96407
196,https://www.youtube.com/watch?v=LgesbsaGKlE,39417,188
197,https://www.youtube.com/watch?v=9Am4-osFHGc,24625,7440
198,https://www.youtube.com/watch?v=ZKh4mggqs3Y,2716,186
199,https://www.youtube.com/watch?v=zj3fThJsKVw,24012,18
200,https://www.youtube.com/watch?v=zx5fZYkQW8k,348,52
201,https://www.youtube.com/watch?v=8_w0DYL9Zxg,8313,21
202,https://www.youtube.com/watch?v=4Af8bGKUXJ0,5179,4
203,https://www.youtube.com/watch?v=lJ9uEH84S9E,810,4
204,https://www.youtube.com/watch?v=DyDfgMOUjCI,17346430,1096578
205,https://www.youtube.com/watch?v=_Jtpf8N5IDE,885271,17971
206,https://www.youtube.com/watch?v=dr_GAJZviR0,304600,11475
207,https://www.youtube.com/watch?v=Xk0wdDTTPA0,3147489,183829
208,https://www.youtube.com/watch?v=NPpELzyP4rw,6166907,215038
209,https://www.youtube.com/watch?v=gOMhN-hfMtY,4118287,126476
210,https://www.youtube.com/watch?v=0CWFO8cMxO4,25660,311
211,https://www.youtube.com/watch?v=pfOOPtjDP6M,2313,23
212,https://www.youtube.com/watch?v=-8VfKZCOo_I,1200643,84938
213,https://www.youtube.com/watch?v=GhOFMaqiAOE,307512,16375
214,https://www.youtube.com/watch?v=tQjsAJhsSw8,2212675,86913
215,https://www.youtube.com/watch?v=c-pdwrYt6bs,965,11
216,https://www.youtube.com/watch?v=tQwVKr8rCYw,1718587,52795
217,https://www.youtube.com/watch?v=JIz0-6_mPIE,181242,2596
218,https://www.youtube.com/watch?v=iJacR-OqyQs,994,6
219,https://www.youtube.com/watch?v=fJ9rUzIMcZQ,10482108,326133
220,https://www.youtube.com/watch?v=U4xPahDjY6k,651059,2
221,https://www.youtube.com/watch?v=L9pYLymdo2o,2214,22
222,https://www.youtube.com/watch?v=F6SBvnl8i3M,44077,481
223,https://www.youtube.com/watch?v=xQOO2xGQ1Pc,4042655,64177
224,https://www.youtube.com/watch?v=qLBXcgdW7U8,86527,1562
225,https://www.youtube.com/watch?v=szCubxWdckw,588985,58725
226,https://www.youtube.com/watch?v=qLhL-I-hPM8,651,9
227,https://www.youtube.com/watch?v=x021-5vgY6o,977,0
228,https://www.youtube.com/watch?v=dTuSAkfuYLc,37536,1236
229,https://www.youtube.com/watch?v=Sd4SJVsTulc,821454,24212
230,https://www.youtube.com/watch?v=UoweBBAiXUM,51621,829
231,https://www.youtube.com/watch?v=kaUHURLiDkc,1019,23
232,https://www.youtube.com/watch?v=RC37n6Fk3RE,23951,515
233,https://www.youtube.com/watch?v=kTlv5_Bs8aw,18305247,422753
234,https://www.youtube.com/watch?v=-tJYN-eG1zk,5006496,135669
235,https://www.youtube.com/watch?v=TxdwvrawHuo,760641,27436
236,https://www.youtube.com/watch?v=SLsTskih7_I,5079702,280937
237,https://www.youtube.com/watch?v=ngIhvgiLAVY,321,0
238,https://www.youtube.com/watch?v=-0OJwoguQzY,1271,28
239,https://www.youtube.com/watch?v=_YqNemP6IhI,16075,292
240,https://www.youtube.com/watch?v=71Cq2UYKw5E,2315,87
241,https://www.youtube.com/watch?v=vMLk_T0PPbk,5102140,302782
242,https://www.youtube.com/watch?v=doLMt10ytHY,6035580,214900
243,https://www.youtube.com/watch?v=nSDgHBxUbVQ,6260208,168589
244,https://www.youtube.com/watch?v=KCFMj7LBXG8,2348,182
245,https://www.youtube.com/watch?v=UXAdlaUhrlE,1511343,52117
246,https://www.youtube.com/watch?v=LDnsJy2BasM,115600,3868
247,https://www.youtube.com/watch?v=jaGEaqkshSw,136,1
248,https://www.youtube.com/watch?v=FOMGYHD1kY0,11233,5048
249,https://www.youtube.com/watch?v=MrlNCKnRqjw,23785,29
250,https://www.youtube.com/watch?v=mT-avWT4NXQ,4155,198
251,https://www.youtube.com/watch?v=k8otG7pjZ50,30925,414
252,https://www.youtube.com/watch?v=Ud0O9bF_tCc,58075,246
253,https://www.youtube.com/watch?v=SC4xMk98Pdc,8686190,416016
254,https://www.youtube.com/watch?v=OSUxrSe5GbI,7298195,371303
255,https://www.youtube.com/watch?v=1ekZEVeXwek,5037618,180035
256,https://www.youtube.com/watch?v=tQ0yjYUFKAE,7044632,205180
257,https://www.youtube.com/watch?v=wJ_P8XvobIQ,440850,225541
258,https://www.youtube.com/watch?v=MPbUaIZAaeA,3946587,73587
259,https://www.youtube.com/watch?v=qSPoWWOzIv8,861981,30025
260,https://www.youtube.com/watch?v=xWP5oqEG_yo,912,11
261,https://www.youtube.com/watch?v=t_jHrUE5IOk,6231595,655623
262,https://www.youtube.com/watch?v=vwnpFEh6DDI,315969,9817
263,https://www.youtube.com/watch?v=FttjE-tCZtI,221816,1662
264,https://www.youtube.com/watch?v=GAfOf26DuGk,1726676,207019
265,https://www.youtube.com/watch?v=6txSmc8napQ,464412,23727
266,https://www.youtube.com/watch?v=V-hwrOcuXOM,298994,2162
267,https://www.youtube.com/watch?v=au2n7VVGv_c,5816957,220933
268,https://www.youtube.com/watch?v=LeiFF0gvqcc,2788182,122228
269,https://www.youtube.com/watch?v=s6MR2xIXF08,14,0
270,https://www.youtube.com/watch?v=XAi3VTSdTxU,3591623,76414
271,https://www.youtube.com/watch?v=mUlFZKFOFiM,155771,4697
272,https://www.youtube.com/watch?v=KYzMn1gjosY,20004,26
273,https://www.youtube.com/watch?v=oQbY2rsnsTk,9129,707
274,https://www.youtube.com/watch?v=MAjTgdzHC2s,9364,985
275,https://www.youtube.com/watch?v=YVkUvmDQ3HY,9756120,278194
276,https://www.youtube.com/watch?v=FiXCxfWWwPo,455117,89127
277,https://www.youtube.com/watch?v=87gWaABqGYs,3737612,109023
278,https://www.youtube.com/watch?v=B111sTzYFaQ,9509,1
279,https://www.youtube.com/watch?v=Ah5MYGQBYRo,2475385,58502
280,https://www.youtube.com/watch?v=NLGdIWkhvAc,12170,2173
281,https://www.youtube.com/watch?v=8zdg-pDF10g,294125,3169
282,https://www.youtube.com/watch?v=Q2S7CDuBTOc,1336495,48506
283,https://www.youtube.com/watch?v=8EFalFXALEA,1830628,94423
284,https://www.youtube.com/watch?v=ikebWCNAt0k,49398,3263
285,https://www.youtube.com/watch?v=U4_IiCusOOc,202402,2644
286,https://www.youtube.com/watch?v=crgFPl2eaPE,1416269,53928
287,https://www.youtube.com/watch?v=IL8NAaCFRXA,183,2
288,https://www.youtube.com/watch?v=u7zcSHgKNLY,54825,3840
289,https://www.youtube.com/watch?v=-6-AnhFG3cI,81769,6875
290,https://www.youtube.com/watch?v=IFdls477uPU,6129,10
291,https://www.youtube.com/watch?v=QJDPdM01q1g,4236,182
292,https://www.youtube.com/watch?v=W94O9wg0qDY,32,0
293,https://www.youtube.com/watch?v=DpacO4GOIuQ,134902,719
294,https://www.youtube.com/watch?v=2bb67GtsI80,60152,1179
295,https://www.youtube.com/watch?v=E5MHEf5USUM,171782,917
296,https://www.youtube.com/watch?v=WoCvt7qOBks,8967,147
297,https://www.youtube.com/watch?v=OR8VmfO6tk4,2922,224
298,https://www.youtube.com/watch?v=ow1QqW0jzTo,1251747,56319
299,https://www.youtube.com/watch?v=QD9HVyF3EEI,90499,1393
300,https://www.youtube.com/watch?v=J1mAMtJ9T4s,18197,2
301,https://www.youtube.com/watch?v=vWEtdwJc2Ww,5698,18
302,https://www.youtube.com/watch?v=3SqnNVrVCD8,5616,12
303,https://www.youtube.com/watch?v=4GuqB1BQVr4,5502456,1076127
304,https://www.youtube.com/watch?v=3vDuSr2VLmw,19947,341
305,https://www.youtube.com/watch?v=020g-0hhCAU,5316024,3685426
306,https://www.youtube.com/watch?v=Aoprd0NXd_I,134,4
307,https://www.youtube.com/watch?v=IJ-Bjm3I8B8,83684,1924
308,https://www.youtube.com/watch?v=5GJWxDKyk3A,4715555,73198
309,https://www.youtube.com/watch?v=4Rgqc-9MPIY,66518,15355
310,https://www.youtube.com/watch?v=87yshUAtf4Q,7817,502
311,https://www.youtube.com/watch?v=3qHhGmiAQoY,42138,5796
312,https://www.youtube.com/watch?v=G_BhUxx-cwk,737465,6618
313,https://www.youtube.com/watch?v=C78saIkYKAM,4562,90
314,https://www.youtube.com/watch?v=DWp2V9Spuug,18009,2178
315,https://www.youtube.com/watch?v=dnKwRJgoX-w,4373,560
316,https://www.youtube.com/watch?v=D9LgWgXDQTw,6046,4
317,https://www.youtube.com/watch?v=nfWlot6h_JM,11594289,1073510
318,https://www.youtube.com/watch?v=CnHwWIARI7w,5553,22
319,https://www.youtube.com/watch?v=qov0ypksviU,1842466,215588
320,https://www.youtube.com/watch?v=d4Fv_huKlzI,6586,14
321,https://www.youtube.com/watch?v=7EMhcvvWwTg,40380,10488
322,https://www.youtube.com/watch?v=Z19DRZahG8c,26524,808
323,https://www.youtube.com/watch?v=Mu2KCt7f0Z8,5303,52
324,https://www.youtube.com/watch?v=n5-vWxqMSeo,3083,28
325,https://www.youtube.com/watch?v=Jb2stN7kH28,736357,24656
326,https://www.youtube.com/watch?v=_wNsZEqpKUA,1170014,13729
327,https://www.youtube.com/watch?v=k-wuxYN0W2Y,2368,471
328,https://www.youtube.com/watch?v=IogPHjiS_HU,2550,657
329,https://www.youtube.com/watch?v=oKmJgeo7OLU,58830,1535
330,https://www.youtube.com/watch?v=4-TbQnONe_w,1631577,64844
331,https://www.youtube.com/watch?v=ApXoWvfEYVU,12671254,441480
332,https://www.youtube.com/watch?v=58-uQZQhvIA,8428,266
333,https://www.youtube.com/watch?v=BPI0AvnSfmw,5710,13
334,https://www.youtube.com/watch?v=LEESPXcGbgQ,21626,33528
335,https://www.youtube.com/watch?v=FxQTY-W6GIo,6221894,201531
336,https://www.youtube.com/watch?v=LH4Y1ZUUx2g,6061553,248901
337,https://www.youtube.com/watch?v=sx1GCSbMNEs,17393,12
338,https://www.youtube.com/watch?v=Gj05VfDZKMY,2117,25
339,https://www.youtube.com/watch?v=adsJy2abKs0,14281,0
340,https://www.youtube.com/watch?v=mDmF-7Uc3yo,16336,23
341,https://www.youtube.com/watch?v=7bXWtXxLzlk,183228,1392
342,https://www.youtube.com/watch?v=Tc0tLGWIqxA,1064868,19308
343,https://www.youtube.com/watch?v=xidqaAxFZvk,171490,7967
344,https://www.youtube.com/watch?v=jjW-0I4m2z0,118902,1548
345,https://www.youtube.com/watch?v=ZnO8FHBdBC0,180719,32430
346,https://www.youtube.com/watch?v=n8fAdRUkGuY,3543,217
347,https://www.youtube.com/watch?v=yYPNrg-s-NI,257620,119562
348,https://www.youtube.com/watch?v=TIFfc1iEWFk,7403,564
349,https://www.youtube.com/watch?v=3PZujKb478U,1094,55
350,https://www.youtube.com/watch?v=8CdcCD5V-d8,9380413,247115
351,https://www.youtube.com/watch?v=RDpkbnuQEL0,2466,83
352,https://www.youtube.com/watch?v=acEOASYioGY,4392482,233671
353,https://www.youtube.com/watch?v=2j9RcvNRywQ,203154,493
354,https://www.youtube.com/watch?v=5UMCrq-bBCg,1448196,14045
355,https://www.youtube.com/watch?v=xHwB2Gn3Zz0,8071,389
356,https://www.youtube.com/watch?v=gys9oDZj-MY,795348,5539
357,https://www.youtube.com/watch?v=IHNzOHi8sJs,20928822,1130477
358,https://www.youtube.com/watch?v=aGcmisuPCVw,1475,15
359,https://www.youtube.com/watch?v=e-ORhEE9VVg,13168272,761000
360,https://www.youtube.com/watch?v=uortuhggJ8Q,7318,140
361,https://www.youtube.com/watch?v=wocKR3WDgAk,15021,255
362,https://www.youtube.com/watch?v=Fdc446yiT-4,60264,2332
363,https://www.youtube.com/watch?v=ani1O1JJSxM,2476,17
364,https://www.youtube.com/watch?v=XsX3ATc3FbA,26110896,1359299
365,https://www.youtube.com/watch?v=sSlo03Q5uWk,1541,124
366,https://www.youtube.com/watch?v=YAiva76ogC0,3972,201
367,https://www.youtube.com/watch?v=eJO5HU_7_1w,5468102,123755
368,https://www.youtube.com/watch?v=kOHB85vDuow,5661561,255507
369,https://www.youtube.com/watch?v=osTJc5e1Cyo,1715775,65393
370,https://www.youtube.com/watch?v=rSWHCZoX2mE,100741,4550
371,https://www.youtube.com/watch?v=iXYyFqLi__8,18534,2157
372,https://www.youtube.com/watch?v=0oMdnBF5cuk,4321,28
373,https://www.youtube.com/watch?v=w2Ov5jzm3j8,12591083,415841
374,https://www.youtube.com/watch?v=7JmprpRIsEY,292958,14705
375,https://www.youtube.com/watch?v=_2yM8MM9qNs,43077,10742
376,https://www.youtube.com/watch?v=lTfnbume5vQ,30387,7436
377,https://www.youtube.com/watch?v=4UDaT5LVnmI,84194,4462
378,https://www.youtube.com/watch?v=5kHq6hqgROc,452361,23391
379,https://www.youtube.com/watch?v=IhdsAPQ_jbs,206233,3343
380,https://www.youtube.com/watch?v=j5-yKhDd64s,10738166,278137
381,https://www.youtube.com/watch?v=Gsr_Jy56T4g,36822,440
382,https://www.youtube.com/watch?v=wfWkmURBNv8,5366768,510244
383,https://www.youtube.com/watch?v=VronettmNRI,493771,3270
384,https://www.youtube.com/watch?v=a0GBFPj7LKQ,28640,983
385,https://www.youtube.com/watch?v=irW1TR-0sbU,69040,968
386,https://www.youtube.com/watch?v=wrbqApmF8Jk,578,2
387,https://www.youtube.com/watch?v=4KJ7jhRUcfU,16466,5513
388,https://www.youtube.com/watch?v=-L1PrZf6OTU,80793,125
389,https://www.youtube.com/watch?v=kHLHSlExFis,5069576,475839
390,https://www.youtube.com/watch?v=GmHrjFIWl6U,5489284,531128
391,https://www.youtube.com/watch?v=yyJ_HXJLSzw,11660,246
392,https://www.youtube.com/watch?v=fUWn6BYrYK8,162722,1634
393,https://www.youtube.com/watch?v=FA2j9qlFyDU,57044,397
394,https://www.youtube.com/watch?v=XSiO-30-E1Y,493,12
395,https://www.youtube.com/watch?v=JyKfmLkq3BU,1833,19
396,https://www.youtube.com/watch?v=Pi6EdtK0lq8,13818,226
397,https://www.youtube.com/watch?v=MzzLsvB6oas,97151,2192
398,https://www.youtube.com/watch?v=gdZLi9oWNZg,33673414,1900813
399,https://www.youtube.com/watch?v=5unbAtbxvEM,52293,612
400,https://www.youtube.com/watch?v=NQR6GTFR5-g,2498,32
401,https://www.youtube.com/watch?v=GVR1DRQk2k4,4773,38
402,https://www.youtube.com/watch?v=QzcPBlSpVsY,86,0
403,https://www.youtube.com/watch?v=nlDQfSyBnhA,1074,28
404,https://www.youtube.com/watch?v=TbuzMy8gHTE,156717,1006
405,https://www.youtube.com/watch?v=ioNng23DkIM,23263183,1250845
406,https://www.youtube.com/watch?v=qdpXxGPqW-Y,1918056,48704
407,https://www.youtube.com/watch?v=zAWsoFk2yVw,4267434,212975
408,https://www.youtube.com/watch?v=QcIy9NiNbmo,8946960,592550
409,https://www.youtube.com/watch?v=ElF_Cc88FUo,339,6
410,https://www.youtube.com/watch?v=QYh6mYIJG2Y,14642947,602518
411,https://www.youtube.com/watch?v=gOsM-DYAEhY,5031922,138259
412,https://www.youtube.com/watch?v=rMSQwIp4Jg8,73611,3031
413,https://www.youtube.com/watch?v=kP_a19IqgT0,1087,6
414,https://www.youtube.com/watch?v=MCJAE-NtAXU,14796,704
415,https://www.youtube.com/watch?v=msZ1nSBkROc,10092,1857
416,https://www.youtube.com/watch?v=Dkk9gvTmCXY,4338470,329643
417,https://www.youtube.com/watch?v=UceaB4D0jpo,11835645,342262
418,https://www.youtube.com/watch?v=CQAT5qdG8tI,571590,26422
419,https://www.youtube.com/watch?v=aeSb1bbqFZM,1248,50
420,https://www.youtube.com/watch?v=3pgWNs7lay0,196200,6466
421,https://www.youtube.com/watch?v=ZXmjhRkPVFc,113379,2398
422,https://www.youtube.com/watch?v=C3y6jGCXiUA,184326,4657
423,https://www.youtube.com/watch?v=WA4iX5D9Z64,3723196,168860
424,https://www.youtube.com/watch?v=8EJ3zbKTWQ8,11352575,1409604
425,https://www.youtube.com/watch?v=c89M7PO0zY8,38078,192
426,https://www.youtube.com/watch?v=p5rQDKoBd6U,33800,292
427,https://www.youtube.com/watch?v=UjbQfsFLrME,1663,3
428,https://www.youtube.com/watch?v=UeIK3brZM20,26201,11202
429,https://www.youtube.com/watch?v=tnj17sXKW5s,522083,321607
430,https://www.youtube.com/watch?v=OU1sjZgavCE,6358,243
431,https://www.youtube.com/watch?v=Ck4xHocysLw,1567365,86004
432,https://www.youtube.com/watch?v=PqlY50HGEMQ,12416,153
433,https://www.youtube.com/watch?v=s4BAizuD7Tc,1429111,28812
434,https://www.youtube.com/watch?v=j8z7UjET1Is,6412427,4336833
435,https://www.youtube.com/watch?v=aMuMT5TUrVc,8498,340
436,https://www.youtube.com/watch?v=2qb820L1SG0,64,5
437,https://www.youtube.com/watch?v=-fWXLAkHmxA,195396,1472
438,https://www.youtube.com/watch?v=LwzN_v7GPMs,773781,22229
439,https://www.youtube.com/watch?v=5hIECWe9Mbk,10104,23
440,https://www.youtube.com/watch?v=viimfQi_pUw,5430928,83603
441,https://www.youtube.com/watch?v=KhXiCqeM7g0,57078,5204
442,https://www.youtube.com/watch?v=b0nzCiAV1oM,8320,501
443,https://www.youtube.com/watch?v=OFJ8ucjJMXI,1921,13
444,https://www.youtube.com/watch?v=r1eBTbkNolg,201,3
445,https://www.youtube.com/watch?v=K8hG2IcFlKs,17370,26
446,https://www.youtube.com/watch?v=cqlRmt73PzE,131325,16506
447,https://www.youtube.com/watch?v=KIaYUQZXomQ,1353,47
448,https://www.youtube.com/watch?v=Gh-YmneIbEc,5003,306
449,https://www.youtube.com/watch?v=SPdFMRrZMXY,17999,6019
450,https://www.youtube.com/watch?v=7Gs9zvu5FyE,78182,317
451,https://www.youtube.com/watch?v=toH0KvauzQk,2404,14
452,https://www.youtube.com/watch?v=gJhflBAwclA,91507,2691
453,https://www.youtube.com/watch?v=fVlxtu9tBEg,13,2
454,https://www.youtube.com/watch?v=MuEhrNDetwk,46176,122
455,https://www.youtube.com/watch?v=pBOU8eKYnEM,1424198,14806
456,https://www.youtube.com/watch?v=mwg299-9FMc,262510,3337
457,https://www.youtube.com/watch?v=RdSJgNdkTxE,2228,289
458,https://www.youtube.com/watch?v=HzZ_urpj4As,2317084,73632
459,https://www.youtube.com/watch?v=e3C8Nh3DIwA,157147,4935
460,https://www.youtube.com/watch?v=BDPiL2vKy2M,8052,16
461,https://www.youtube.com/watch?v=fpt5e0XHvwE,23039,299
462,https://www.youtube.com/watch?v=RljdPIfnp0U,1477521,50316
463,https://www.youtube.com/watch?v=ULC_dFUhSFE,3669,4
464,https://www.youtube.com/watch?v=CuklIb9d3fI,16312988,298489
465,https://www.youtube.com/watch?v=iMOkUyGnIIs,24559,673
466,https://www.youtube.com/watch?v=4j725wScY0E,3185812,117746
467,https://www.youtube.com/watch?v=_EjtVzK5UFY,32801,756
468,https://www.youtube.com/watch?v=WJN3AKboLuA,22483,1225
469,https://www.youtube.com/watch?v=m8E3Dh-gfhM,42605,536
470,https://www.youtube.com/watch?v=3nWKdwCOHc4,504,64
471,https://www.youtube.com/watch?v=Hc-BnDRrh7U,3890,0
472,https://www.youtube.com/watch?v=VuNIsY6JdUw,8339822,251468
473,https://www.youtube.com/watch?v=r_0JjYUe5jo,8628661,171909
474,https://www.youtube.com/watch?v=7spMIjapiF8,563,3
475,https://www.youtube.com/watch?v=Tq60c_SaExc,1897331,94868
476,https://www.youtube.com/watch?v=7ysFgElQtjI,5967738,276468
477,https://www.youtube.com/watch?v=3OHdYfSYTVY,257,4
478,https://www.youtube.com/watch?v=qgwR0h-3nUE,423,1
479,https://www.youtube.com/watch?v=bxnYFOixIoc,169823,19802
480,https://www.youtube.com/watch?v=OylDfdhPcjA,129,2
481,https://www.youtube.com/watch?v=ltZCnYMmVUs,27859,991
482,https://www.youtube.com/watch?v=kTJczUoc26U,8774385,158061
483,https://www.youtube.com/watch?v=MBdVXkSdhwU,21708974,1072815
484,https://www.youtube.com/watch?v=2Z0Put0teCM,160162,6268
485,https://www.youtube.com/watch?v=8MEUWEvABTI,89323,109239
486,https://www.youtube.com/watch?v=bwmSjveL3Lc,14142072,653912
487,https://www.youtube.com/watch?v=Dzb-7NekGPE,707,9
488,https://www.youtube.com/watch?v=i0p1bmr0EmE,6216159,297035
489,https://www.youtube.com/watch?v=WRhu7TQqj0g,9364,20
490,https://www.youtube.com/watch?v=wMpqCRF7TKg,436620,4354
491,https://www.youtube.com/watch?v=gH-AAQ_Msrs,731,2
492,https://www.youtube.com/watch?v=ZbGygtS4-Bc,10199,80
493,https://www.youtube.com/watch?v=wwc3Wwj_6KI,205212,20157
494,https://www.youtube.com/watch?v=cwub1m1pg0c,349353,32881
495,https://www.youtube.com/watch?v=amhC8WYgNA4,508777,19607
496,https://www.youtube.com/watch?v=kJQP7kiw5Fk,48218916,5322032
497,https://www.youtube.com/watch?v=DKYGY0HVoHE,587975,17222
498,https://www.youtube.com/watch?v=-Hqp5Mwq3Zs,29033,1400
499,https://www.youtube.com/watch?v=9yt2Dki5aVk,611,7
