,URL,ID,likes,dislikes,ratio
0,https://www.youtube.com/watch?v=feLcMaiClOw,feLcMaiClOw,312761,19093,16.381
1,https://www.youtube.com/watch?v=tASwv-tkMlc,tASwv-tkMlc,35026,165,212.279
2,https://www.youtube.com/watch?v=3U2dNKBM28o,3U2dNKBM28o,126427,6010,21.036
5,https://www.youtube.com/watch?v=ClQ-ymoXJZc,ClQ-ymoXJZc,1079676,8874,121.667
6,https://www.youtube.com/watch?v=8EJ3zbKTWQ8,8EJ3zbKTWQ8,11371069,1420624,8.004
7,https://www.youtube.com/watch?v=t99KH0TR-J4,t99KH0TR-J4,1435738,33092,43.386
8,https://www.youtube.com/watch?v=DovdIspaqmw,DovdIspaqmw,146007,5324,27.424
9,https://www.youtube.com/watch?v=DQQRjFzB8gY,DQQRjFzB8gY,870202,49922,17.431
10,https://www.youtube.com/watch?v=8DytqFTwNSc,8DytqFTwNSc,88001,2068,42.554
16,https://www.youtube.com/watch?v=2cyzCReoNgU,2cyzCReoNgU,78842,819,96.266
18,https://www.youtube.com/watch?v=VronettmNRI,VronettmNRI,496684,3395,146.299
20,https://www.youtube.com/watch?v=2Vv-BfVoq4g,2Vv-BfVoq4g,17602337,623794,28.218
21,https://www.youtube.com/watch?v=p5rQDKoBd6U,p5rQDKoBd6U,34994,290,120.669
23,https://www.youtube.com/watch?v=7MHlhHaLcTA,7MHlhHaLcTA,370369,2103,176.115
24,https://www.youtube.com/watch?v=Tq60c_SaExc,Tq60c_SaExc,1898763,95220,19.941
25,https://www.youtube.com/watch?v=Pkh8UtuejGw,Pkh8UtuejGw,18983629,567343,33.461
28,https://www.youtube.com/watch?v=2S24-y0Ij3Y,2S24-y0Ij3Y,22533352,1301441,17.314
31,https://www.youtube.com/watch?v=Z9b0Hj-BfaM,Z9b0Hj-BfaM,931130,15874,58.658
32,https://www.youtube.com/watch?v=TxdwvrawHuo,TxdwvrawHuo,761030,27488,27.686
33,https://www.youtube.com/watch?v=viimfQi_pUw,viimfQi_pUw,5437431,84166,64.604
34,https://www.youtube.com/watch?v=OSUxrSe5GbI,OSUxrSe5GbI,7308006,374269,19.526
35,https://www.youtube.com/watch?v=5kHq6hqgROc,5kHq6hqgROc,452710,23499,19.265
36,https://www.youtube.com/watch?v=gys9oDZj-MY,gys9oDZj-MY,798335,5550,143.844
38,https://www.youtube.com/watch?v=BBAyRBTfsOU,BBAyRBTfsOU,11631042,933874,12.455
41,https://www.youtube.com/watch?v=fJ9rUzIMcZQ,fJ9rUzIMcZQ,10501508,329091,31.911
42,https://www.youtube.com/watch?v=PGJ43zaam_0,PGJ43zaam_0,2609898,80282,32.509
43,https://www.youtube.com/watch?v=TO-_3tck2tg,TO-_3tck2tg,419501,5304,79.091
44,https://www.youtube.com/watch?v=5ula1NjaHUA,5ula1NjaHUA,37644,752,50.059
45,https://www.youtube.com/watch?v=mWRsgZuwf_8,mWRsgZuwf_8,7140075,142358,50.156
46,https://www.youtube.com/watch?v=Q4a9uwV4nmo,Q4a9uwV4nmo,581181,55354,10.499
48,https://www.youtube.com/watch?v=4j725wScY0E,4j725wScY0E,3190841,118715,26.878
51,https://www.youtube.com/watch?v=OpD2c4Tu544,OpD2c4Tu544,106224,1944,54.642
52,https://www.youtube.com/watch?v=pqh4LfPeCYs,pqh4LfPeCYs,187915,1472,127.66
54,https://www.youtube.com/watch?v=QNJL6nfu__Q,QNJL6nfu__Q,7597883,233081,32.598
55,https://www.youtube.com/watch?v=wwc3Wwj_6KI,wwc3Wwj_6KI,219171,23812,9.204
58,https://www.youtube.com/watch?v=Amq-qlqbjYA,Amq-qlqbjYA,11776118,456709,25.785
59,https://www.youtube.com/watch?v=CM4CkVFmTds,CM4CkVFmTds,5969357,151359,39.438
60,https://www.youtube.com/watch?v=vuDwCJN5UZU,vuDwCJN5UZU,15000,217,69.124
61,https://www.youtube.com/watch?v=8EFalFXALEA,8EFalFXALEA,1832028,94850,19.315
62,https://www.youtube.com/watch?v=_ae5Ap77b7k,_ae5Ap77b7k,648543,30214,21.465
63,https://www.youtube.com/watch?v=ytQ5CYE1VZw,ytQ5CYE1VZw,5157026,199662,25.829
65,https://www.youtube.com/watch?v=Z3w5gVM_4y8,Z3w5gVM_4y8,1104160,34062,32.416
67,https://www.youtube.com/watch?v=WJN3AKboLuA,WJN3AKboLuA,30917,1318,23.458
71,https://www.youtube.com/watch?v=gVbB7DCgfZs,gVbB7DCgfZs,71714,2157,33.247
74,https://www.youtube.com/watch?v=8CdcCD5V-d8,8CdcCD5V-d8,9400751,250283,37.56
75,https://www.youtube.com/watch?v=8xg3vE8Ie_E,8xg3vE8Ie_E,4268122,115995,36.796
77,https://www.youtube.com/watch?v=c8ztudg6N3k,c8ztudg6N3k,80787,2283,35.386
78,https://www.youtube.com/watch?v=whwe0KD_rGw,whwe0KD_rGw,1907710,143361,13.307
79,https://www.youtube.com/watch?v=3R0AlwgcyDE,3R0AlwgcyDE,133166,1491,89.313
80,https://www.youtube.com/watch?v=TDVlDUAIz5k,TDVlDUAIz5k,75450,1148,65.723
81,https://www.youtube.com/watch?v=B96Jmhm2VEw,B96Jmhm2VEw,63463,5577,11.379
82,https://www.youtube.com/watch?v=gADgM89skZQ,gADgM89skZQ,1280114,80049,15.992
83,https://www.youtube.com/watch?v=a4-uIJJPrG4,a4-uIJJPrG4,147708,2904,50.864
84,https://www.youtube.com/watch?v=anfOF0KP4JE,anfOF0KP4JE,340021,16213,20.972
87,https://www.youtube.com/watch?v=_JOnM3jmY0o,_JOnM3jmY0o,3394691,187901,18.066
89,https://www.youtube.com/watch?v=Il0S8BoucSA,Il0S8BoucSA,1804084,49918,36.141
90,https://www.youtube.com/watch?v=RC37n6Fk3RE,RC37n6Fk3RE,30482,548,55.624
94,https://www.youtube.com/watch?v=mwWPnXhWKjA,mwWPnXhWKjA,81068,7563,10.719
97,https://www.youtube.com/watch?v=FxQTY-W6GIo,FxQTY-W6GIo,6227141,202482,30.754
99,https://www.youtube.com/watch?v=C3y6jGCXiUA,C3y6jGCXiUA,185087,4765,38.843
100,https://www.youtube.com/watch?v=YM3uJ6RtBZM,YM3uJ6RtBZM,238410,1500,158.94
101,https://www.youtube.com/watch?v=qz2vodkoj7I,qz2vodkoj7I,845310,24421,34.614
102,https://www.youtube.com/watch?v=JGgnz0-w9TU,JGgnz0-w9TU,244604,8108,30.168
104,https://www.youtube.com/watch?v=gdZLi9oWNZg,gdZLi9oWNZg,33732610,1920181,17.567
105,https://www.youtube.com/watch?v=KYzMn1gjosY,KYzMn1gjosY,20685,26,795.577
106,https://www.youtube.com/watch?v=qdpXxGPqW-Y,qdpXxGPqW-Y,1923840,49506,38.861
107,https://www.youtube.com/watch?v=yUi_S6YWjZw,yUi_S6YWjZw,1220666,33543,36.391
110,https://www.youtube.com/watch?v=v-sJ106h1dU,v-sJ106h1dU,929872,43048,21.601
111,https://www.youtube.com/watch?v=EosMazKaPbU,EosMazKaPbU,1682744,41285,40.759
112,https://www.youtube.com/watch?v=gwMa6gpoE9I,gwMa6gpoE9I,13454315,344972,39.001
113,https://www.youtube.com/watch?v=lp-EO5I60KA,lp-EO5I60KA,13715367,574438,23.876
115,https://www.youtube.com/watch?v=3CxtK7-XtE0,3CxtK7-XtE0,3867578,187637,20.612
119,https://www.youtube.com/watch?v=rSWHCZoX2mE,rSWHCZoX2mE,100923,4610,21.892
120,https://www.youtube.com/watch?v=Dm9Zf1WYQ_A,Dm9Zf1WYQ_A,3938036,93012,42.339
121,https://www.youtube.com/watch?v=ltZCnYMmVUs,ltZCnYMmVUs,28371,1269,22.357
122,https://www.youtube.com/watch?v=zrwTYozyzYA,zrwTYozyzYA,277879,4570,60.805
125,https://www.youtube.com/watch?v=kPg3M4C9N9w,kPg3M4C9N9w,2147268,98087,21.891
126,https://www.youtube.com/watch?v=crgFPl2eaPE,crgFPl2eaPE,1416843,54035,26.221
132,https://www.youtube.com/watch?v=TruV0K_lV4c,TruV0K_lV4c,66463,4,16615.75
135,https://www.youtube.com/watch?v=PHgc8Q6qTjc,PHgc8Q6qTjc,10319993,394288,26.174
136,https://www.youtube.com/watch?v=3X9wEwulYhk,3X9wEwulYhk,3917122,328464,11.926
137,https://www.youtube.com/watch?v=ut4ZS7DE02s,ut4ZS7DE02s,200974,900,223.304
138,https://www.youtube.com/watch?v=ixkoVwKQaJg,ixkoVwKQaJg,17754723,1017111,17.456
140,https://www.youtube.com/watch?v=YVkUvmDQ3HY,YVkUvmDQ3HY,9791372,283987,34.478
141,https://www.youtube.com/watch?v=WMweEpGlu_U,WMweEpGlu_U,21797853,501239,43.488
142,https://www.youtube.com/watch?v=LEESPXcGbgQ,LEESPXcGbgQ,28616,46584,0.614
144,https://www.youtube.com/watch?v=_KVZRCyEfnw,_KVZRCyEfnw,100792,9144,11.023
145,https://www.youtube.com/watch?v=loSuMqwQA38,loSuMqwQA38,692618,75289,9.199
146,https://www.youtube.com/watch?v=o-0ygW-B_gI,o-0ygW-B_gI,545233,19189,28.414
147,https://www.youtube.com/watch?v=aHnHwrJjR3U,aHnHwrJjR3U,330035,11010,29.976
149,https://www.youtube.com/watch?v=cNhXH1etCwM,cNhXH1etCwM,1782634,95836,18.601
150,https://www.youtube.com/watch?v=kWigaAi0kdE,kWigaAi0kdE,595862,5104,116.744
151,https://www.youtube.com/watch?v=wX8W4x2j_0s,wX8W4x2j_0s,29613,898,32.977
152,https://www.youtube.com/watch?v=XsX3ATc3FbA,XsX3ATc3FbA,26153913,1372060,19.062
154,https://www.youtube.com/watch?v=SntSCzTv_ko,SntSCzTv_ko,186195,16394,11.358
155,https://www.youtube.com/watch?v=-s23GrMq-wA,-s23GrMq-wA,70369,2800,25.132
156,https://www.youtube.com/watch?v=ba7mB8oueCY,ba7mB8oueCY,3979248,92216,43.151
159,https://www.youtube.com/watch?v=G_BhUxx-cwk,G_BhUxx-cwk,740355,6772,109.326
160,https://www.youtube.com/watch?v=ueaGjpweu38,ueaGjpweu38,80285,219,366.598
161,https://www.youtube.com/watch?v=iMOkUyGnIIs,iMOkUyGnIIs,33814,926,36.516
162,https://www.youtube.com/watch?v=HDyXbkLgmUs,HDyXbkLgmUs,259070,15328,16.902
163,https://www.youtube.com/watch?v=RF78s4nphEY,RF78s4nphEY,175823,1671,105.22
166,https://www.youtube.com/watch?v=CHVhwcOg6y8,CHVhwcOg6y8,3776625,733627,5.148
168,https://www.youtube.com/watch?v=5unbAtbxvEM,5unbAtbxvEM,71222,633,112.515
170,https://www.youtube.com/watch?v=fUWn6BYrYK8,fUWn6BYrYK8,164717,1669,98.692
171,https://www.youtube.com/watch?v=UYwF-jdcVjY,UYwF-jdcVjY,4039126,90898,44.436
172,https://www.youtube.com/watch?v=w4wdTdvM0dg,w4wdTdvM0dg,73537,4218,17.434
174,https://www.youtube.com/watch?v=SLsTskih7_I,SLsTskih7_I,5085209,282601,17.994
176,https://www.youtube.com/watch?v=LH4Y1ZUUx2g,LH4Y1ZUUx2g,6066787,250092,24.258
178,https://www.youtube.com/watch?v=bwmSjveL3Lc,bwmSjveL3Lc,14175364,661171,21.44
179,https://www.youtube.com/watch?v=gm3-m2CFVWM,gm3-m2CFVWM,181583,7303,24.864
181,https://www.youtube.com/watch?v=GmHrjFIWl6U,GmHrjFIWl6U,5493713,533561,10.296
182,https://www.youtube.com/watch?v=fUN2dGKxHFU,fUN2dGKxHFU,1714443,61605,27.83
184,https://www.youtube.com/watch?v=jjW-0I4m2z0,jjW-0I4m2z0,119578,1748,68.408
185,https://www.youtube.com/watch?v=rBNst8_bpUc,rBNst8_bpUc,136173,6571,20.723
187,https://www.youtube.com/watch?v=CRYJshFLnAU,CRYJshFLnAU,24759,7,3537.0
188,https://www.youtube.com/watch?v=8n-EoUv_qTc,8n-EoUv_qTc,385222,22641,17.014
191,https://www.youtube.com/watch?v=NPpELzyP4rw,NPpELzyP4rw,6186858,218712,28.288
195,https://www.youtube.com/watch?v=tQ0yjYUFKAE,tQ0yjYUFKAE,7068105,208467,33.905
197,https://www.youtube.com/watch?v=NgDb0fRCblo,NgDb0fRCblo,83938,28365,2.959
198,https://www.youtube.com/watch?v=RljdPIfnp0U,RljdPIfnp0U,1484755,51566,28.793
199,https://www.youtube.com/watch?v=YiTMyu-r_Ko,YiTMyu-r_Ko,732784,8375,87.497
202,https://www.youtube.com/watch?v=r_0JjYUe5jo,r_0JjYUe5jo,8642920,173540,49.804
203,https://www.youtube.com/watch?v=wMpqCRF7TKg,wMpqCRF7TKg,437837,4418,99.103
204,https://www.youtube.com/watch?v=L40EFeYQmv8,L40EFeYQmv8,88843,388,228.977
205,https://www.youtube.com/watch?v=IhugmviyP1g,IhugmviyP1g,59434,1584,37.521
206,https://www.youtube.com/watch?v=dFp_b5DPIIo,dFp_b5DPIIo,1009940,35638,28.339
207,https://www.youtube.com/watch?v=iVXVYsCSWd8,iVXVYsCSWd8,20979,57,368.053
208,https://www.youtube.com/watch?v=XcZX89Z0nVA,XcZX89Z0nVA,117768,4437,26.542
209,https://www.youtube.com/watch?v=4iQxG8ZjYO8,4iQxG8ZjYO8,2100324,69639,30.16
210,https://www.youtube.com/watch?v=HXO0d0vOyFE,HXO0d0vOyFE,14156,3314,4.272
211,https://www.youtube.com/watch?v=SyMmSAAAXxg,SyMmSAAAXxg,14159,1969,7.191
212,https://www.youtube.com/watch?v=mwatzFa-2I0,mwatzFa-2I0,105595,2873,36.754
213,https://www.youtube.com/watch?v=4UDaT5LVnmI,4UDaT5LVnmI,87396,5171,16.901
214,https://www.youtube.com/watch?v=2sn45qRAEzE,2sn45qRAEzE,309592,3332,92.915
215,https://www.youtube.com/watch?v=Udpjen4ON_8,Udpjen4ON_8,22825,174,131.178
216,https://www.youtube.com/watch?v=8rZLnz-oo_c,8rZLnz-oo_c,36596,782,46.798
217,https://www.youtube.com/watch?v=s4BAizuD7Tc,s4BAizuD7Tc,1436080,29699,48.354
218,https://www.youtube.com/watch?v=NeRZ_tdD8KM,NeRZ_tdD8KM,2634312,110510,23.838
219,https://www.youtube.com/watch?v=Hr85jpejdLc,Hr85jpejdLc,86534,18911,4.576
221,https://www.youtube.com/watch?v=wJnBTPUQS5A,wJnBTPUQS5A,8735435,208579,41.881
222,https://www.youtube.com/watch?v=CjAHVcloVAo,CjAHVcloVAo,36207,1695,21.361
223,https://www.youtube.com/watch?v=gOsM-DYAEhY,gOsM-DYAEhY,5038382,139211,36.192
224,https://www.youtube.com/watch?v=_pHTDbhutlY,_pHTDbhutlY,171751,1118,153.623
226,https://www.youtube.com/watch?v=Ah5MYGQBYRo,Ah5MYGQBYRo,2475426,58505,42.311
230,https://www.youtube.com/watch?v=XAi3VTSdTxU,XAi3VTSdTxU,3598114,77276,46.562
231,https://www.youtube.com/watch?v=kTlv5_Bs8aw,kTlv5_Bs8aw,18338298,426904,42.956
232,https://www.youtube.com/watch?v=kHLHSlExFis,kHLHSlExFis,5073515,477994,10.614
233,https://www.youtube.com/watch?v=_wtKe9Fq-eQ,_wtKe9Fq-eQ,209223,1114,187.812
235,https://www.youtube.com/watch?v=3qHhGmiAQoY,3qHhGmiAQoY,49445,6139,8.054
236,https://www.youtube.com/watch?v=cW0jVkWAmOA,cW0jVkWAmOA,192405,7880,24.417
237,https://www.youtube.com/watch?v=sPopc47bshY,sPopc47bshY,211574,9861,21.456
238,https://www.youtube.com/watch?v=qclWIFxq2F4,qclWIFxq2F4,175688,14808,11.864
240,https://www.youtube.com/watch?v=uT3pPfdDrNs,uT3pPfdDrNs,40139,8325,4.822
242,https://www.youtube.com/watch?v=60ItHLz5WEA,60ItHLz5WEA,25188144,661262,38.091
243,https://www.youtube.com/watch?v=yDv0WSgXJVg,yDv0WSgXJVg,333380,15221,21.903
244,https://www.youtube.com/watch?v=72UO0v5ESUo,72UO0v5ESUo,6076093,598045,10.16
247,https://www.youtube.com/watch?v=Z19DRZahG8c,Z19DRZahG8c,45901,1782,25.758
248,https://www.youtube.com/watch?v=nJHYDkvRB2Y,nJHYDkvRB2Y,311303,14467,21.518
251,https://www.youtube.com/watch?v=k8otG7pjZ50,k8otG7pjZ50,33535,431,77.807
253,https://www.youtube.com/watch?v=ssq6X6alZ3w,ssq6X6alZ3w,2605114,66133,39.392
254,https://www.youtube.com/watch?v=Jb2stN7kH28,Jb2stN7kH28,737262,24824,29.7
255,https://www.youtube.com/watch?v=MPbUaIZAaeA,MPbUaIZAaeA,3949659,73920,53.432
257,https://www.youtube.com/watch?v=MzzLsvB6oas,MzzLsvB6oas,97303,2227,43.692
258,https://www.youtube.com/watch?v=7JmprpRIsEY,7JmprpRIsEY,293350,14897,19.692
259,https://www.youtube.com/watch?v=86kKFYmAMxA,86kKFYmAMxA,564529,44449,12.701
260,https://www.youtube.com/watch?v=mIxlvVlOIS0,mIxlvVlOIS0,2300591,66267,34.717
261,https://www.youtube.com/watch?v=RgzLnmTaCAU,RgzLnmTaCAU,3041408,296630,10.253
262,https://www.youtube.com/watch?v=Z7l2Q25y0vU,Z7l2Q25y0vU,117528,8752,13.429
263,https://www.youtube.com/watch?v=cwub1m1pg0c,cwub1m1pg0c,349746,33011,10.595
265,https://www.youtube.com/watch?v=Q9Vjvz1NPN8,Q9Vjvz1NPN8,3892243,48067,80.975
266,https://www.youtube.com/watch?v=99bGsbcKQZ0,99bGsbcKQZ0,15514,1773,8.75
267,https://www.youtube.com/watch?v=mLugzKRTf-0,mLugzKRTf-0,2045248,80573,25.384
268,https://www.youtube.com/watch?v=UoweBBAiXUM,UoweBBAiXUM,52693,964,54.661
270,https://www.youtube.com/watch?v=x0N2kRv4Vfs,x0N2kRv4Vfs,84904,9975,8.512
275,https://www.youtube.com/watch?v=adsJy2abKs0,adsJy2abKs0,14281,0,0.0
276,https://www.youtube.com/watch?v=ZJ4Qp1ietPc,ZJ4Qp1ietPc,2519306,33734,74.682
278,https://www.youtube.com/watch?v=j5-yKhDd64s,j5-yKhDd64s,10751371,280129,38.38
281,https://www.youtube.com/watch?v=ZSgVayPHuB8,ZSgVayPHuB8,295047,20082,14.692
282,https://www.youtube.com/watch?v=f7xYhYFi5aM,f7xYhYFi5aM,128931,3386,38.078
283,https://www.youtube.com/watch?v=1ekZEVeXwek,1ekZEVeXwek,5042511,180984,27.862
284,https://www.youtube.com/watch?v=A8KQhwmdZIw,A8KQhwmdZIw,1829705,9811,186.495
285,https://www.youtube.com/watch?v=nfWlot6h_JM,nfWlot6h_JM,11607866,1081265,10.735
286,https://www.youtube.com/watch?v=V2hlQkVJZhE,V2hlQkVJZhE,4993346,364898,13.684
287,https://www.youtube.com/watch?v=NzkhFcZogc0,NzkhFcZogc0,19368,338,57.302
289,https://www.youtube.com/watch?v=HgzGwKwLmgM,HgzGwKwLmgM,4886007,106230,45.995
290,https://www.youtube.com/watch?v=nDP9sOUI6ps,nDP9sOUI6ps,42598,229,186.017
293,https://www.youtube.com/watch?v=CuklIb9d3fI,CuklIb9d3fI,16340693,301076,54.274
294,https://www.youtube.com/watch?v=DNB9IC0UXto,DNB9IC0UXto,513588,23788,21.59
295,https://www.youtube.com/watch?v=ZcmoBlURJB4,ZcmoBlURJB4,732677,35567,20.6
297,https://www.youtube.com/watch?v=gJhflBAwclA,gJhflBAwclA,92612,2823,32.806
298,https://www.youtube.com/watch?v=gw1Es8tT5KI,gw1Es8tT5KI,90645,1866,48.577
301,https://www.youtube.com/watch?v=awkkyBH2zEo,awkkyBH2zEo,15638655,276751,56.508
302,https://www.youtube.com/watch?v=Sd4SJVsTulc,Sd4SJVsTulc,822729,24418,33.694
303,https://www.youtube.com/watch?v=3pgWNs7lay0,3pgWNs7lay0,197041,6577,29.959
304,https://www.youtube.com/watch?v=bxnYFOixIoc,bxnYFOixIoc,170770,20336,8.397
306,https://www.youtube.com/watch?v=7wtfhZwyrcc,7wtfhZwyrcc,19258995,567618,33.93
307,https://www.youtube.com/watch?v=1__CAdTJ5JU,1__CAdTJ5JU,2332024,126438,18.444
308,https://www.youtube.com/watch?v=bibIWBTD_tE,bibIWBTD_tE,375496,13978,26.863
311,https://www.youtube.com/watch?v=Q2S7CDuBTOc,Q2S7CDuBTOc,1338381,48939,27.348
312,https://www.youtube.com/watch?v=cyW2ajAVyfA,cyW2ajAVyfA,1350496,27671,48.805
315,https://www.youtube.com/watch?v=kPhpHvnnn0Q,kPhpHvnnn0Q,696355,14664,47.487
316,https://www.youtube.com/watch?v=4GuqB1BQVr4,4GuqB1BQVr4,5506389,1080204,5.098
318,https://www.youtube.com/watch?v=vPwaXytZcgI,vPwaXytZcgI,2870230,48472,59.214
319,https://www.youtube.com/watch?v=k6ZoE4RrcDs,k6ZoE4RrcDs,411422,10271,40.057
320,https://www.youtube.com/watch?v=TpHY1Oi068g,TpHY1Oi068g,56394,1603,35.18
322,https://www.youtube.com/watch?v=wfWkmURBNv8,wfWkmURBNv8,5373256,513830,10.457
323,https://www.youtube.com/watch?v=CQAT5qdG8tI,CQAT5qdG8tI,574158,27044,21.231
325,https://www.youtube.com/watch?v=Lf2UNF4cYhg,Lf2UNF4cYhg,230069,15382,14.957
328,https://www.youtube.com/watch?v=mwHBdTqJd2g,mwHBdTqJd2g,49831,995,50.081
329,https://www.youtube.com/watch?v=0HDdjwpPM3Y,0HDdjwpPM3Y,10076469,452107,22.288
330,https://www.youtube.com/watch?v=DK_0jXPuIr0,DK_0jXPuIr0,10027986,1189437,8.431
332,https://www.youtube.com/watch?v=_Jtpf8N5IDE,_Jtpf8N5IDE,886495,18109,48.953
335,https://www.youtube.com/watch?v=9WbCfHutDSE,9WbCfHutDSE,4921960,179187,27.468
337,https://www.youtube.com/watch?v=dr_GAJZviR0,dr_GAJZviR0,306287,11825,25.902
339,https://www.youtube.com/watch?v=0CWFO8cMxO4,0CWFO8cMxO4,29371,393,74.735
340,https://www.youtube.com/watch?v=7bXWtXxLzlk,7bXWtXxLzlk,185131,1392,132.996
341,https://www.youtube.com/watch?v=sJXZ9Dok7u8,sJXZ9Dok7u8,1896435,46873,40.459
343,https://www.youtube.com/watch?v=mwg299-9FMc,mwg299-9FMc,262844,3366,78.088
344,https://www.youtube.com/watch?v=Fdc446yiT-4,Fdc446yiT-4,67206,2601,25.839
345,https://www.youtube.com/watch?v=7Gs9zvu5FyE,7Gs9zvu5FyE,153737,519,296.218
346,https://www.youtube.com/watch?v=pK060iUFWXg,pK060iUFWXg,5545502,291893,18.998
347,https://www.youtube.com/watch?v=weeI1G46q0o,weeI1G46q0o,9851319,744990,13.223
348,https://www.youtube.com/watch?v=3f2X_gIJ_u4,3f2X_gIJ_u4,114780,4068,28.215
349,https://www.youtube.com/watch?v=DjL9di-UIYc,DjL9di-UIYc,1376427,21338,64.506
350,https://www.youtube.com/watch?v=binE0CCQgTo,binE0CCQgTo,118520,3142,37.721
351,https://www.youtube.com/watch?v=KnyGqZgTU2A,KnyGqZgTU2A,64407,4918,13.096
353,https://www.youtube.com/watch?v=Jn1Uwsg3eRQ,Jn1Uwsg3eRQ,257613,6532,39.439
356,https://www.youtube.com/watch?v=-fWXLAkHmxA,-fWXLAkHmxA,196533,1474,133.333
358,https://www.youtube.com/watch?v=E5MHEf5USUM,E5MHEf5USUM,172554,941,183.373
359,https://www.youtube.com/watch?v=7ysFgElQtjI,7ysFgElQtjI,5968695,276755,21.567
360,https://www.youtube.com/watch?v=w2Ov5jzm3j8,w2Ov5jzm3j8,12600226,417293,30.195
362,https://www.youtube.com/watch?v=mUlFZKFOFiM,mUlFZKFOFiM,157332,4981,31.586
364,https://www.youtube.com/watch?v=jzYxbnHHhY4,jzYxbnHHhY4,841344,56666,14.847
365,https://www.youtube.com/watch?v=wXhTHyIgQ_U,wXhTHyIgQ_U,4387562,102689,42.727
368,https://www.youtube.com/watch?v=S2dRcipMCpw,S2dRcipMCpw,3301391,165888,19.901
370,https://www.youtube.com/watch?v=U4xPahDjY6k,U4xPahDjY6k,651034,16242,40.083
371,https://www.youtube.com/watch?v=kOHB85vDuow,kOHB85vDuow,5671642,257965,21.986
372,https://www.youtube.com/watch?v=N0dbGGvsjf8,N0dbGGvsjf8,225540,3321,67.913
375,https://www.youtube.com/watch?v=qLBXcgdW7U8,qLBXcgdW7U8,87869,2099,41.862
378,https://www.youtube.com/watch?v=Xk0wdDTTPA0,Xk0wdDTTPA0,3152780,185505,16.996
379,https://www.youtube.com/watch?v=8qEf358A_EM,8qEf358A_EM,31381,987,31.794
381,https://www.youtube.com/watch?v=wocKR3WDgAk,wocKR3WDgAk,15693,252,62.274
382,https://www.youtube.com/watch?v=8rODvcIcOF4,8rODvcIcOF4,211961,4135,51.26
385,https://www.youtube.com/watch?v=N97saaTR7JE,N97saaTR7JE,2104670,39627,53.112
389,https://www.youtube.com/watch?v=34u9lJWBLMc,34u9lJWBLMc,207457,2939,70.588
392,https://www.youtube.com/watch?v=FA2j9qlFyDU,FA2j9qlFyDU,57723,428,134.867
393,https://www.youtube.com/watch?v=zea8Xc54tWc,zea8Xc54tWc,84079,2018,41.665
396,https://www.youtube.com/watch?v=qZRPXM3iF3g,qZRPXM3iF3g,42678,1622,26.312
397,https://www.youtube.com/watch?v=GtSRKwDCaZM,GtSRKwDCaZM,5961587,608317,9.8
398,https://www.youtube.com/watch?v=e3C8Nh3DIwA,e3C8Nh3DIwA,157729,5034,31.333
399,https://www.youtube.com/watch?v=j64oZLF443g,j64oZLF443g,559528,2881,194.213
400,https://www.youtube.com/watch?v=kTJczUoc26U,kTJczUoc26U,8802247,161132,54.628
401,https://www.youtube.com/watch?v=-tJYN-eG1zk,-tJYN-eG1zk,5014176,136806,36.652
402,https://www.youtube.com/watch?v=Gl6ekgobG2k,Gl6ekgobG2k,444179,59340,7.485
403,https://www.youtube.com/watch?v=d1oHZuF1k2I,d1oHZuF1k2I,94625,5346,17.7
405,https://www.youtube.com/watch?v=ED3xFj-jDI8,ED3xFj-jDI8,940584,134721,6.982
406,https://www.youtube.com/watch?v=oKmJgeo7OLU,oKmJgeo7OLU,60808,1821,33.393
409,https://www.youtube.com/watch?v=IJ-Bjm3I8B8,IJ-Bjm3I8B8,83833,1963,42.707
410,https://www.youtube.com/watch?v=JSoGsO6n-qU,JSoGsO6n-qU,69266,1244,55.68
413,https://www.youtube.com/watch?v=ffxKSjUwKdU,ffxKSjUwKdU,7993773,338661,23.604
415,https://www.youtube.com/watch?v=LeiFF0gvqcc,LeiFF0gvqcc,2793728,123544,22.613
417,https://www.youtube.com/watch?v=fpt5e0XHvwE,fpt5e0XHvwE,25528,435,58.685
421,https://www.youtube.com/watch?v=luQ0JWcrsWg,luQ0JWcrsWg,1217265,74664,16.303
422,https://www.youtube.com/watch?v=-Hqp5Mwq3Zs,-Hqp5Mwq3Zs,31247,1265,24.701
423,https://www.youtube.com/watch?v=JIz0-6_mPIE,JIz0-6_mPIE,182089,2599,70.061
425,https://www.youtube.com/watch?v=c89M7PO0zY8,c89M7PO0zY8,39248,191,205.487
426,https://www.youtube.com/watch?v=IdneKLhsWOQ,IdneKLhsWOQ,4892927,207315,23.601
427,https://www.youtube.com/watch?v=5GJWxDKyk3A,5GJWxDKyk3A,4743158,76025,62.389
429,https://www.youtube.com/watch?v=UTHLKHL_whs,UTHLKHL_whs,8005853,771361,10.379
431,https://www.youtube.com/watch?v=HDEC9cwdxGg,HDEC9cwdxGg,132848,1611,82.463
433,https://www.youtube.com/watch?v=XekMkIJ843w,XekMkIJ843w,184467,4283,43.07
434,https://www.youtube.com/watch?v=K7wmk7U4BhQ,K7wmk7U4BhQ,224044,3842,58.314
435,https://www.youtube.com/watch?v=QD9HVyF3EEI,QD9HVyF3EEI,108244,1590,68.078
436,https://www.youtube.com/watch?v=1-xGerv5FOk,1-xGerv5FOk,10563886,231982,45.538
438,https://www.youtube.com/watch?v=W0DM5lcj6mw,W0DM5lcj6mw,4217756,117506,35.894
439,https://www.youtube.com/watch?v=6Dh-RL__uN4,6Dh-RL__uN4,12607069,914402,13.787
441,https://www.youtube.com/watch?v=cqlRmt73PzE,cqlRmt73PzE,131368,16533,7.946
442,https://www.youtube.com/watch?v=vRXZj0DzXIA,vRXZj0DzXIA,18557621,1296291,14.316
443,https://www.youtube.com/watch?v=kJQP7kiw5Fk,kJQP7kiw5Fk,48261894,5346790,9.026
444,https://www.youtube.com/watch?v=MBdVXkSdhwU,MBdVXkSdhwU,21731945,1079360,20.134
445,https://www.youtube.com/watch?v=K7BIPr6MBLo,K7BIPr6MBLo,64043,1333,48.044
446,https://www.youtube.com/watch?v=LDnsJy2BasM,LDnsJy2BasM,115600,3952,29.251
447,https://www.youtube.com/watch?v=h_D3VFfhvs4,h_D3VFfhvs4,7261028,223134,32.541
448,https://www.youtube.com/watch?v=U4_IiCusOOc,U4_IiCusOOc,202713,2708,74.857
449,https://www.youtube.com/watch?v=1D5cxbDbKMc,1D5cxbDbKMc,235018,4392,53.51
450,https://www.youtube.com/watch?v=TmKh7lAwnBI,TmKh7lAwnBI,7928490,308012,25.741
451,https://www.youtube.com/watch?v=yduLp7emdX8,yduLp7emdX8,10682,5143,2.077
453,https://www.youtube.com/watch?v=pBOU8eKYnEM,pBOU8eKYnEM,1425630,14907,95.635
454,https://www.youtube.com/watch?v=vwnpFEh6DDI,vwnpFEh6DDI,315993,9828,32.152
455,https://www.youtube.com/watch?v=gOMhN-hfMtY,gOMhN-hfMtY,4134436,129484,31.93
456,https://www.youtube.com/watch?v=6Mgqbai3fKo,6Mgqbai3fKo,9902804,792970,12.488
458,https://www.youtube.com/watch?v=8zdg-pDF10g,8zdg-pDF10g,296863,3332,89.095
459,https://www.youtube.com/watch?v=kffacxfA7G4,kffacxfA7G4,21174883,13121035,1.614
460,https://www.youtube.com/watch?v=JGwWNGJdvx8,JGwWNGJdvx8,29614620,1451876,20.397
461,https://www.youtube.com/watch?v=2zNB3CotyxM,2zNB3CotyxM,435483,32568,13.371
464,https://www.youtube.com/watch?v=WA4iX5D9Z64,WA4iX5D9Z64,3727564,170077,21.917
466,https://www.youtube.com/watch?v=OD5sPf-Kgbc,OD5sPf-Kgbc,17462,775,22.532
468,https://www.youtube.com/watch?v=szCubxWdckw,szCubxWdckw,590311,59650,9.896
469,https://www.youtube.com/watch?v=heaYw-10T18,heaYw-10T18,209694,4930,42.534
470,https://www.youtube.com/watch?v=bvWRMAU6V-c,bvWRMAU6V-c,3779419,73129,51.682
471,https://www.youtube.com/watch?v=87gWaABqGYs,87gWaABqGYs,3740442,109485,34.164
475,https://www.youtube.com/watch?v=ApXoWvfEYVU,ApXoWvfEYVU,12696242,447507,28.371
476,https://www.youtube.com/watch?v=GU-vN1BHwhQ,GU-vN1BHwhQ,272871,13304,20.51
477,https://www.youtube.com/watch?v=Y5WMMFQUP4I,Y5WMMFQUP4I,49871,5606,8.896
479,https://www.youtube.com/watch?v=QsC1BinUPxo,QsC1BinUPxo,81264,1690,48.085
480,https://www.youtube.com/watch?v=gBRi6aZJGj4,gBRi6aZJGj4,6731946,100242,67.157
482,https://www.youtube.com/watch?v=Y2NkuFIlLEo,Y2NkuFIlLEo,818765,11687,70.058
484,https://www.youtube.com/watch?v=DKYGY0HVoHE,DKYGY0HVoHE,588371,17288,34.033
485,https://www.youtube.com/watch?v=s_eViPLUngU,s_eViPLUngU,280327,11446,24.491
486,https://www.youtube.com/watch?v=ZXmjhRkPVFc,ZXmjhRkPVFc,114355,2495,45.834
487,https://www.youtube.com/watch?v=OBB-0OCCN9U,OBB-0OCCN9U,139760,4387,31.858
489,https://www.youtube.com/watch?v=JnJmBA8N-gY,JnJmBA8N-gY,184726,7629,24.214
490,https://www.youtube.com/watch?v=amhC8WYgNA4,amhC8WYgNA4,509192,19710,25.834
491,https://www.youtube.com/watch?v=dNCWe_6HAM8,dNCWe_6HAM8,11385697,230056,49.491
493,https://www.youtube.com/watch?v=lVZLHJIOVYY,lVZLHJIOVYY,499554,81039,6.164
494,https://www.youtube.com/watch?v=QMhVtPmPAW8,QMhVtPmPAW8,107990,1142,94.562
495,https://www.youtube.com/watch?v=M-P4QBt-FWw,M-P4QBt-FWw,5890488,137830,42.737
496,https://www.youtube.com/watch?v=KPYcso5TevE,KPYcso5TevE,2248,2810,0.8
497,https://www.youtube.com/watch?v=_wNsZEqpKUA,_wNsZEqpKUA,1172037,13874,84.477
498,https://www.youtube.com/watch?v=3tmd-ClpJxA,3tmd-ClpJxA,11939557,1373103,8.695
499,https://www.youtube.com/watch?v=whhXbtJgD_g,whhXbtJgD_g,178126,5277,33.755
503,https://www.youtube.com/watch?v=e-ORhEE9VVg,e-ORhEE9VVg,13182083,766328,17.202
506,https://www.youtube.com/watch?v=5EQ8ctJmmUo,5EQ8ctJmmUo,11713,2,5856.5
507,https://www.youtube.com/watch?v=ktvTqknDobU,ktvTqknDobU,8853581,262031,33.788
508,https://www.youtube.com/watch?v=5X-Mrc2l1d0,5X-Mrc2l1d0,2042661,45404,44.989
511,https://www.youtube.com/watch?v=r7qovpFAGrQ,r7qovpFAGrQ,10737688,335258,32.028
512,https://www.youtube.com/watch?v=ynqibTQqlaY,ynqibTQqlaY,119816,6736,17.787
513,https://www.youtube.com/watch?v=tcrTQUVkUe0,tcrTQUVkUe0,956324,27715,34.506
514,https://www.youtube.com/watch?v=HhjHYkPQ8F0,HhjHYkPQ8F0,4295463,73246,58.644
516,https://www.youtube.com/watch?v=uDAjINEp8H8,uDAjINEp8H8,485198,11705,41.452
517,https://www.youtube.com/watch?v=6G7GulQJUIU,6G7GulQJUIU,409665,33558,12.208
520,https://www.youtube.com/watch?v=hD1YtmKXNb4,hD1YtmKXNb4,2515646,24871,101.148
521,https://www.youtube.com/watch?v=ss9ygQqqL2Q,ss9ygQqqL2Q,2060882,31292,65.86
523,https://www.youtube.com/watch?v=KCwK2ECPDLA,KCwK2ECPDLA,43188,1716,25.168
525,https://www.youtube.com/watch?v=jR4vvMblYs0,jR4vvMblYs0,23355,1478,15.802
526,https://www.youtube.com/watch?v=doLMt10ytHY,doLMt10ytHY,6052812,218146,27.747
527,https://www.youtube.com/watch?v=EbnH3VHzhu8,EbnH3VHzhu8,151823,8937,16.988
529,https://www.youtube.com/watch?v=FWI1BrV080g,FWI1BrV080g,22317,1153,19.356
530,https://www.youtube.com/watch?v=1_zgKRBrT0Y,1_zgKRBrT0Y,12113236,946366,12.8
531,https://www.youtube.com/watch?v=Ot3H4TvJlpo,Ot3H4TvJlpo,236624,15398,15.367
532,https://www.youtube.com/watch?v=QVLvD5_6ld0,QVLvD5_6ld0,224538,16509,13.601
534,https://www.youtube.com/watch?v=CLrf5YCSsT8,CLrf5YCSsT8,270852,11727,23.096
536,https://www.youtube.com/watch?v=_ce7WX4l55A,_ce7WX4l55A,703416,15879,44.299
538,https://www.youtube.com/watch?v=ow1QqW0jzTo,ow1QqW0jzTo,1255177,57293,21.908
539,https://www.youtube.com/watch?v=IBaSizQyC5g,IBaSizQyC5g,2994521,174322,17.178
542,https://www.youtube.com/watch?v=B6_iQvaIjXw,B6_iQvaIjXw,4779718,142453,33.553
544,https://www.youtube.com/watch?v=91vECNhvmMY,91vECNhvmMY,2135562,80228,26.619
545,https://www.youtube.com/watch?v=oPPO_wqlG9Q,oPPO_wqlG9Q,298148,2946,101.204
547,https://www.youtube.com/watch?v=xPQLcWV8lxU,xPQLcWV8lxU,177532,13734,12.926
548,https://www.youtube.com/watch?v=iXYyFqLi__8,iXYyFqLi__8,18986,2133,8.901
549,https://www.youtube.com/watch?v=2Z0Put0teCM,2Z0Put0teCM,161361,6495,24.844
552,https://www.youtube.com/watch?v=oRdxUFDoQe0,oRdxUFDoQe0,5782122,180774,31.985
554,https://www.youtube.com/watch?v=MbeNyTzksFQ,MbeNyTzksFQ,69905,1765,39.606
555,https://www.youtube.com/watch?v=C6P6hrWyidA,C6P6hrWyidA,668235,59395,11.251
556,https://www.youtube.com/watch?v=t2QL85K6eZU,t2QL85K6eZU,107936,5055,21.352
561,https://www.youtube.com/watch?v=XBWyE1v8--I,XBWyE1v8--I,3481747,40635,85.683
562,https://www.youtube.com/watch?v=liMkmUXdxCc,liMkmUXdxCc,276035,3125,88.331
564,https://www.youtube.com/watch?v=bX3S-_jUauc,bX3S-_jUauc,5952308,215753,27.589
566,https://www.youtube.com/watch?v=osTJc5e1Cyo,osTJc5e1Cyo,1720030,66348,25.924
568,https://www.youtube.com/watch?v=NLGdIWkhvAc,NLGdIWkhvAc,15509,1902,8.154
569,https://www.youtube.com/watch?v=QO7e_RiMVQg,QO7e_RiMVQg,528751,6736,78.496
570,https://www.youtube.com/watch?v=3vDuSr2VLmw,3vDuSr2VLmw,30561,520,58.771
572,https://www.youtube.com/watch?v=B111sTzYFaQ,B111sTzYFaQ,12059,248,48.625
573,https://www.youtube.com/watch?v=ws00k_lIQ9U,ws00k_lIQ9U,5392813,349321,15.438
574,https://www.youtube.com/watch?v=Ac5tUDHlacU,Ac5tUDHlacU,437113,11107,39.355
575,https://www.youtube.com/watch?v=c4BLVznuWnU,c4BLVznuWnU,1763352,32496,54.264
576,https://www.youtube.com/watch?v=HzZ_urpj4As,HzZ_urpj4As,2320755,74298,31.236
577,https://www.youtube.com/watch?v=L8eRzOYhLuw,L8eRzOYhLuw,5840930,348904,16.741
578,https://www.youtube.com/watch?v=58u-zkDLNPg,58u-zkDLNPg,3095945,181004,17.104
579,https://www.youtube.com/watch?v=FjC5XHyK7hE,FjC5XHyK7hE,64351,3591,17.92
580,https://www.youtube.com/watch?v=QYh6mYIJG2Y,QYh6mYIJG2Y,14659800,606321,24.178
581,https://www.youtube.com/watch?v=DiItGE3eAyQ,DiItGE3eAyQ,12244234,923778,13.255
582,https://www.youtube.com/watch?v=32si5cfrCNc,32si5cfrCNc,14693771,646983,22.711
585,https://www.youtube.com/watch?v=Q527XDLEpfU,Q527XDLEpfU,2070701,297539,6.959
586,https://www.youtube.com/watch?v=Y2E71oe0aSM,Y2E71oe0aSM,2951594,112374,26.266
588,https://www.youtube.com/watch?v=_EjtVzK5UFY,_EjtVzK5UFY,39116,1024,38.199
590,https://www.youtube.com/watch?v=zrJtFy51fRo,zrJtFy51fRo,189237,7177,26.367
592,https://www.youtube.com/watch?v=RMc9qFrCqno,RMc9qFrCqno,569422,25403,22.416
596,https://www.youtube.com/watch?v=dISNgvVpWlo,dISNgvVpWlo,8815712,292739,30.115
597,https://www.youtube.com/watch?v=ikebWCNAt0k,ikebWCNAt0k,50050,3530,14.178
599,https://www.youtube.com/watch?v=QamGk6o9lZs,QamGk6o9lZs,124327,8836,14.071
600,https://www.youtube.com/watch?v=2j9RcvNRywQ,2j9RcvNRywQ,203936,492,414.504
601,https://www.youtube.com/watch?v=UXAdlaUhrlE,UXAdlaUhrlE,1513363,52519,28.816
603,https://www.youtube.com/watch?v=t_jHrUE5IOk,t_jHrUE5IOk,6237279,658814,9.467
606,https://www.youtube.com/watch?v=yybUX3f9J18,yybUX3f9J18,288578,40404,7.142
608,https://www.youtube.com/watch?v=1GS7wxWPaxc,1GS7wxWPaxc,3113474,76901,40.487
610,https://www.youtube.com/watch?v=vMLk_T0PPbk,vMLk_T0PPbk,5109707,305071,16.749
612,https://www.youtube.com/watch?v=ZCqG45PtfkE,ZCqG45PtfkE,200747,10158,19.762
615,https://www.youtube.com/watch?v=q0hyYWKXF0Q,q0hyYWKXF0Q,14253236,908335,15.692
619,https://www.youtube.com/watch?v=Gsr_Jy56T4g,Gsr_Jy56T4g,38080,561,67.879
620,https://www.youtube.com/watch?v=IC-CwFr29no,IC-CwFr29no,615276,32336,19.028
623,https://www.youtube.com/watch?v=0zBSw5Rg41w,0zBSw5Rg41w,201442,3366,59.846
625,https://www.youtube.com/watch?v=WWCsGEarExg,WWCsGEarExg,556559,26954,20.648
626,https://www.youtube.com/watch?v=orJSJGHjBLI,orJSJGHjBLI,3655372,145083,25.195
627,https://www.youtube.com/watch?v=MrlNCKnRqjw,MrlNCKnRqjw,36794,29,1268.759
629,https://www.youtube.com/watch?v=LwzN_v7GPMs,LwzN_v7GPMs,774502,22397,34.581
630,https://www.youtube.com/watch?v=sdAOoB5ML0Q,sdAOoB5ML0Q,781014,15419,50.653
632,https://www.youtube.com/watch?v=9nClXHVdK4I,9nClXHVdK4I,91796,4737,19.379
633,https://www.youtube.com/watch?v=VuNIsY6JdUw,VuNIsY6JdUw,8352601,254258,32.851
634,https://www.youtube.com/watch?v=KhXiCqeM7g0,KhXiCqeM7g0,58411,5972,9.781
635,https://www.youtube.com/watch?v=EgBJmlPo8Xw,EgBJmlPo8Xw,4836855,98296,49.207
636,https://www.youtube.com/watch?v=LTppaeecuIE,LTppaeecuIE,51957,409,127.034
637,https://www.youtube.com/watch?v=5eBBdBEbbXQ,5eBBdBEbbXQ,1341958,71028,18.893
639,https://www.youtube.com/watch?v=9xG5aPvrS-k,9xG5aPvrS-k,676173,7757,87.169
642,https://www.youtube.com/watch?v=l7ddWtP1DW8,l7ddWtP1DW8,215337,1160,185.635
643,https://www.youtube.com/watch?v=i0p1bmr0EmE,i0p1bmr0EmE,6228554,300210,20.747
644,https://www.youtube.com/watch?v=tollGa3S0o8,tollGa3S0o8,4078577,30912,131.942
645,https://www.youtube.com/watch?v=Z_MvkyuOJgk,Z_MvkyuOJgk,403030,10540,38.238
647,https://www.youtube.com/watch?v=bNTRIdraX8c,bNTRIdraX8c,407837,13148,31.019
648,https://www.youtube.com/watch?v=PivWY9wn5ps,PivWY9wn5ps,1052564,24131,43.619
649,https://www.youtube.com/watch?v=nikm4zpKCPM,nikm4zpKCPM,110314,15729,7.013
651,https://www.youtube.com/watch?v=-8VfKZCOo_I,-8VfKZCOo_I,1235492,86190,14.335
654,https://www.youtube.com/watch?v=2fDVXFlHtdE,2fDVXFlHtdE,271325,1622,167.278
659,https://www.youtube.com/watch?v=VZOBjI-Vm8w,VZOBjI-Vm8w,169659,4513,37.593
660,https://www.youtube.com/watch?v=x34H5sk75XQ,x34H5sk75XQ,156785,4262,36.787
661,https://www.youtube.com/watch?v=PV4NGwn_xdI,PV4NGwn_xdI,176480,3897,45.286
662,https://www.youtube.com/watch?v=G8APgeFfkAk,G8APgeFfkAk,1069716,26518,40.339
663,https://www.youtube.com/watch?v=HZRMonTRP30,HZRMonTRP30,692222,12477,55.48
664,https://www.youtube.com/watch?v=j440-D5JhjI,j440-D5JhjI,216011,14459,14.94
666,https://www.youtube.com/watch?v=QcIy9NiNbmo,QcIy9NiNbmo,8959283,597580,14.993
667,https://www.youtube.com/watch?v=bVmYuvJ_4v0,bVmYuvJ_4v0,39285,1720,22.84
668,https://www.youtube.com/watch?v=TOg39GWD5-E,TOg39GWD5-E,35423,168,210.851
669,https://www.youtube.com/watch?v=pTdjcLlElD4,pTdjcLlElD4,298431,3339,89.377
671,https://www.youtube.com/watch?v=dmW68lzaaqs,dmW68lzaaqs,5213615,101546,51.342
672,https://www.youtube.com/watch?v=oyEuk8j8imI,oyEuk8j8imI,7807471,520443,15.002
673,https://www.youtube.com/watch?v=dyRsYk0LyA8,dyRsYk0LyA8,14231904,339382,41.935
674,https://www.youtube.com/watch?v=XbGs_qK2PQA,XbGs_qK2PQA,17593828,509566,34.527
675,https://www.youtube.com/watch?v=tQjsAJhsSw8,tQjsAJhsSw8,2214691,87335,25.359
678,https://www.youtube.com/watch?v=acEOASYioGY,acEOASYioGY,4403152,237041,18.575
680,https://www.youtube.com/watch?v=pQCGBEdx8xQ,pQCGBEdx8xQ,313209,8923,35.101
683,https://www.youtube.com/watch?v=GhOFMaqiAOE,GhOFMaqiAOE,307786,16470,18.688
689,https://www.youtube.com/watch?v=IHNzOHi8sJs,IHNzOHi8sJs,20956905,1139181,18.396
690,https://www.youtube.com/watch?v=-BjZmE2gtdo,-BjZmE2gtdo,2828257,104541,27.054
691,https://www.youtube.com/watch?v=8MEUWEvABTI,8MEUWEvABTI,89328,109355,0.817
692,https://www.youtube.com/watch?v=D9G1VOjN_84,D9G1VOjN_84,3983716,32743,121.666
693,https://www.youtube.com/watch?v=ttWQK5VXskA,ttWQK5VXskA,787753,25949,30.358
694,https://www.youtube.com/watch?v=6txSmc8napQ,6txSmc8napQ,464874,23818,19.518
696,https://www.youtube.com/watch?v=dZ0fwJojhrs,dZ0fwJojhrs,5547972,586761,9.455
697,https://www.youtube.com/watch?v=CVa3Hwh5IiI,CVa3Hwh5IiI,31052,887,35.008
700,https://www.youtube.com/watch?v=tcYodQoapMg,tcYodQoapMg,7761030,166243,46.685
702,https://www.youtube.com/watch?v=DyDfgMOUjCI,DyDfgMOUjCI,17360427,1101547,15.76
704,https://www.youtube.com/watch?v=aSjflT_J0Xo,aSjflT_J0Xo,6693755,286284,23.382
706,https://www.youtube.com/watch?v=kcYS_cUwr-8,kcYS_cUwr-8,2654242,170178,15.597
708,https://www.youtube.com/watch?v=vb8wloc4Xpw,vb8wloc4Xpw,2257636,169494,13.32
709,https://www.youtube.com/watch?v=MuEhrNDetwk,MuEhrNDetwk,61252,129,474.822
710,https://www.youtube.com/watch?v=wYZux3BMc5k,wYZux3BMc5k,2442244,111009,22.0
712,https://www.youtube.com/watch?v=PveR9ZdtLbY,PveR9ZdtLbY,622401,50417,12.345
713,https://www.youtube.com/watch?v=dsUXAEzaC3Q,dsUXAEzaC3Q,2649146,75955,34.878
714,https://www.youtube.com/watch?v=5UMCrq-bBCg,5UMCrq-bBCg,1450710,14196,102.191
715,https://www.youtube.com/watch?v=uu3IBPlWq7I,uu3IBPlWq7I,33933,358,94.785
717,https://www.youtube.com/watch?v=QnzbBzOGHPA,QnzbBzOGHPA,99068,5141,19.27
718,https://www.youtube.com/watch?v=zOhDt1kin5o,zOhDt1kin5o,292412,10048,29.102
721,https://www.youtube.com/watch?v=afUx6AIG3Tg,afUx6AIG3Tg,3786727,255316,14.832
722,https://www.youtube.com/watch?v=wI5zWSDiF3s,wI5zWSDiF3s,88078,805,109.414
723,https://www.youtube.com/watch?v=ca48oMV59LU,ca48oMV59LU,1275223,52688,24.203
724,https://www.youtube.com/watch?v=6DRkf3kZMXw,6DRkf3kZMXw,4026739,239899,16.785
726,https://www.youtube.com/watch?v=WG0WP6jgESs,WG0WP6jgESs,566494,51708,10.956
727,https://www.youtube.com/watch?v=TkFHYODzRTs,TkFHYODzRTs,571776,19068,29.986
728,https://www.youtube.com/watch?v=Az-mGR-CehY,Az-mGR-CehY,3853701,81788,47.118
729,https://www.youtube.com/watch?v=XA2YEHn-A8Q,XA2YEHn-A8Q,4255572,107668,39.525
730,https://www.youtube.com/watch?v=Dkk9gvTmCXY,Dkk9gvTmCXY,4342001,331019,13.117
733,https://www.youtube.com/watch?v=4Rgqc-9MPIY,4Rgqc-9MPIY,66530,15373,4.328
736,https://www.youtube.com/watch?v=TbuzMy8gHTE,TbuzMy8gHTE,159569,1044,152.844
737,https://www.youtube.com/watch?v=X8sSXU-J8fI,X8sSXU-J8fI,2896864,162638,17.812
738,https://www.youtube.com/watch?v=KWGrPNqz4uc,KWGrPNqz4uc,5875218,428052,13.725
739,https://www.youtube.com/watch?v=u7zcSHgKNLY,u7zcSHgKNLY,64249,4500,14.278
741,https://www.youtube.com/watch?v=bPs0xFd4skY,bPs0xFd4skY,1000427,19054,52.505
742,https://www.youtube.com/watch?v=DpacO4GOIuQ,DpacO4GOIuQ,153748,843,182.382
745,https://www.youtube.com/watch?v=rnMIWj_t3Ow,rnMIWj_t3Ow,306950,7008,43.8
746,https://www.youtube.com/watch?v=VqEbCxg2bNI,VqEbCxg2bNI,7768768,785261,9.893
747,https://www.youtube.com/watch?v=75PpxGzR7s0,75PpxGzR7s0,510271,14992,34.036
748,https://www.youtube.com/watch?v=zLpVBsvcrAg,zLpVBsvcrAg,231764,2543,91.138
752,https://www.youtube.com/watch?v=SC4xMk98Pdc,SC4xMk98Pdc,8692145,417678,20.811
753,https://www.youtube.com/watch?v=NxilU56kPu0,NxilU56kPu0,46261,1820,25.418
754,https://www.youtube.com/watch?v=gU2HqP4NxUs,gU2HqP4NxUs,4519884,97903,46.167
755,https://www.youtube.com/watch?v=Tc0tLGWIqxA,Tc0tLGWIqxA,1071329,20032,53.481
756,https://www.youtube.com/watch?v=qSPoWWOzIv8,qSPoWWOzIv8,862945,30204,28.571
757,https://www.youtube.com/watch?v=RUQl6YcMalg,RUQl6YcMalg,6868958,191610,35.849
759,https://www.youtube.com/watch?v=8fqm3uht5xU,8fqm3uht5xU,185196,1279,144.797
760,https://www.youtube.com/watch?v=EXEqkVXFLhI,EXEqkVXFLhI,866785,13259,65.373
761,https://www.youtube.com/watch?v=_8cDGfrMh0o,_8cDGfrMh0o,161156,26834,6.006
766,https://www.youtube.com/watch?v=Fp8msa5uYsc,Fp8msa5uYsc,2218639,30361,73.075
767,https://www.youtube.com/watch?v=kijpcUv-b8M,kijpcUv-b8M,2387306,55242,43.215
768,https://www.youtube.com/watch?v=E10WufZ8NkY,E10WufZ8NkY,95608,1378,69.382
772,https://www.youtube.com/watch?v=_Yhyp-_hX2s,_Yhyp-_hX2s,8280694,226161,36.614
773,https://www.youtube.com/watch?v=qzRIc14LC9U,qzRIc14LC9U,336154,2741,122.639
774,https://www.youtube.com/watch?v=IhdsAPQ_jbs,IhdsAPQ_jbs,207425,3482,59.571
775,https://www.youtube.com/watch?v=gl1aHhXnN1k,gl1aHhXnN1k,12992691,523300,24.828
776,https://www.youtube.com/watch?v=7ZP_Fubqwcg,7ZP_Fubqwcg,175048,3260,53.696
777,https://www.youtube.com/watch?v=UceaB4D0jpo,UceaB4D0jpo,11851405,345019,34.35
779,https://www.youtube.com/watch?v=5TBW-uCkvtA,5TBW-uCkvtA,194420,35013,5.553
780,https://www.youtube.com/watch?v=xQOO2xGQ1Pc,xQOO2xGQ1Pc,4046883,64571,62.673
783,https://www.youtube.com/watch?v=RNzQdcPWWX4,RNzQdcPWWX4,1875965,58468,32.085
786,https://www.youtube.com/watch?v=WkgHkrM9fo0,WkgHkrM9fo0,3844106,123332,31.169
790,https://www.youtube.com/watch?v=Ck4xHocysLw,Ck4xHocysLw,1568172,86236,18.185
791,https://www.youtube.com/watch?v=KtbVbCTzZd8,KtbVbCTzZd8,1126081,50672,22.223
792,https://www.youtube.com/watch?v=pBuZEGYXA6E,pBuZEGYXA6E,19247161,900200,21.381
793,https://www.youtube.com/watch?v=fKopy74weus,fKopy74weus,11168205,515686,21.657
795,https://www.youtube.com/watch?v=HUHC9tYz8ik,HUHC9tYz8ik,8039150,246110,32.665
796,https://www.youtube.com/watch?v=dTuSAkfuYLc,dTuSAkfuYLc,38257,1239,30.877
797,https://www.youtube.com/watch?v=m8E3Dh-gfhM,m8E3Dh-gfhM,43091,575,74.941
798,https://www.youtube.com/watch?v=-CmadmM5cOk,-CmadmM5cOk,3477340,159145,21.85
799,https://www.youtube.com/watch?v=BFlG5sD540k,BFlG5sD540k,2039031,90608,22.504
801,https://www.youtube.com/watch?v=qov0ypksviU,qov0ypksviU,1842844,215836,8.538
802,https://www.youtube.com/watch?v=O3ElohqHEzQ,O3ElohqHEzQ,247475,4239,58.381
803,https://www.youtube.com/watch?v=CPK_IdHe1Yg,CPK_IdHe1Yg,3791435,147769,25.658
804,https://www.youtube.com/watch?v=omVvuL0lOes,omVvuL0lOes,40749,1249,32.625
805,https://www.youtube.com/watch?v=sOnqjkJTMaA,sOnqjkJTMaA,5940351,305275,19.459
807,https://www.youtube.com/watch?v=tQwVKr8rCYw,tQwVKr8rCYw,1729131,55271,31.285
811,https://www.youtube.com/watch?v=4-TbQnONe_w,4-TbQnONe_w,1635202,65576,24.936
814,https://www.youtube.com/watch?v=JktwRXYTDYc,JktwRXYTDYc,239795,20335,11.792
815,https://www.youtube.com/watch?v=f5omY8jVrSM,f5omY8jVrSM,3421083,150565,22.722
818,https://www.youtube.com/watch?v=NIRuH51h6m0,NIRuH51h6m0,175133,4167,42.029
820,https://www.youtube.com/watch?v=DmKpePzn5-c,DmKpePzn5-c,905074,145032,6.241
821,https://www.youtube.com/watch?v=PSO8vSizOYA,PSO8vSizOYA,114636,2401,47.745
822,https://www.youtube.com/watch?v=qleJpzB4q7A,qleJpzB4q7A,852615,12277,69.448
823,https://www.youtube.com/watch?v=k157GjJHvK4,k157GjJHvK4,179790,1795,100.162
824,https://www.youtube.com/watch?v=Ud0O9bF_tCc,Ud0O9bF_tCc,66928,318,210.465
826,https://www.youtube.com/watch?v=mUngYa0rnig,mUngYa0rnig,78022,3110,25.087
827,https://www.youtube.com/watch?v=-6-AnhFG3cI,-6-AnhFG3cI,82893,7278,11.39
829,https://www.youtube.com/watch?v=f5_wn8mexmM,f5_wn8mexmM,5332329,96617,55.19
830,https://www.youtube.com/watch?v=V5M2WZiAy6k,V5M2WZiAy6k,2313321,42672,54.212
835,https://www.youtube.com/watch?v=j51hW59U1IM,j51hW59U1IM,164645,573,287.339
836,https://www.youtube.com/watch?v=LgesbsaGKlE,LgesbsaGKlE,47285,322,146.848
837,https://www.youtube.com/watch?v=8w7chA9Wnuw,8w7chA9Wnuw,618657,4295,144.041
838,https://www.youtube.com/watch?v=au2n7VVGv_c,au2n7VVGv_c,5822890,222302,26.194
839,https://www.youtube.com/watch?v=Zi_XLOBDo_Y,Zi_XLOBDo_Y,8403328,246502,34.09
841,https://www.youtube.com/watch?v=kt14c7sYTFA,kt14c7sYTFA,301018,3946,76.284
842,https://www.youtube.com/watch?v=CevxZvSJLk8,CevxZvSJLk8,14929579,1071716,13.931
845,https://www.youtube.com/watch?v=hHB1Ikzfpmc,hHB1Ikzfpmc,265512,3307,80.288
846,https://www.youtube.com/watch?v=ioNng23DkIM,ioNng23DkIM,23286624,1257799,18.514
847,https://www.youtube.com/watch?v=nSDgHBxUbVQ,nSDgHBxUbVQ,6268986,169914,36.895
849,https://www.youtube.com/watch?v=gwkqL8PhCXA,gwkqL8PhCXA,120444,1858,64.825
852,https://www.youtube.com/watch?v=V-hwrOcuXOM,V-hwrOcuXOM,299217,2179,137.318
853,https://www.youtube.com/watch?v=ssvrReWSQpk,ssvrReWSQpk,234333,13458,17.412
855,https://www.youtube.com/watch?v=zoYgCg6i9C8,zoYgCg6i9C8,312277,25695,12.153
856,https://www.youtube.com/watch?v=FttjE-tCZtI,FttjE-tCZtI,222266,1676,132.617
860,https://www.youtube.com/watch?v=-L1PrZf6OTU,-L1PrZf6OTU,84421,123,686.35
861,https://www.youtube.com/watch?v=K0ibBPhiaG0,K0ibBPhiaG0,2856004,84085,33.966
863,https://www.youtube.com/watch?v=tCXGJQYZ9JA,tCXGJQYZ9JA,4097881,221156,18.529
864,https://www.youtube.com/watch?v=lCiV4wACZ8w,lCiV4wACZ8w,800343,21433,37.342
865,https://www.youtube.com/watch?v=xsZ9hpMgLvA,xsZ9hpMgLvA,193050,599,322.287
869,https://www.youtube.com/watch?v=pbMwTqkKSps,pbMwTqkKSps,12416450,390410,31.804
871,https://www.youtube.com/watch?v=S9bCLPwzSC0,S9bCLPwzSC0,3860405,88159,43.789
872,https://www.youtube.com/watch?v=XKDciUz-DpE,XKDciUz-DpE,212164,655,323.915
874,https://www.youtube.com/watch?v=v3xwCkhmies,v3xwCkhmies,1206023,26623,45.3
875,https://www.youtube.com/watch?v=WEC4iwfN9zA,WEC4iwfN9zA,205267,714,287.489
877,https://www.youtube.com/watch?v=pekzpzNCNDQ,pekzpzNCNDQ,708641,10757,65.877
878,https://www.youtube.com/watch?v=WAcnWtZjDWE,WAcnWtZjDWE,3626467,209798,17.286
879,https://www.youtube.com/watch?v=anbrC6s0RD4,anbrC6s0RD4,241083,9785,24.638
881,https://www.youtube.com/watch?v=ZnO8FHBdBC0,ZnO8FHBdBC0,180814,32541,5.556
884,https://www.youtube.com/watch?v=3farSqm-AxM,3farSqm-AxM,86722,1784,48.611
885,https://www.youtube.com/watch?v=Jqi4GBxmwgg,Jqi4GBxmwgg,628561,17359,36.21
886,https://www.youtube.com/watch?v=EIzcw5fVUtY,EIzcw5fVUtY,13067,336,38.89
890,https://www.youtube.com/watch?v=V1Pl8CzNzCw,V1Pl8CzNzCw,22188536,329547,67.33
891,https://www.youtube.com/watch?v=zAWsoFk2yVw,zAWsoFk2yVw,4275329,215114,19.875
892,https://www.youtube.com/watch?v=zSq6Jk-sFFs,zSq6Jk-sFFs,34237,1633,20.966
893,https://www.youtube.com/watch?v=OkmVcYtCqjw,OkmVcYtCqjw,222808,7816,28.507
895,https://www.youtube.com/watch?v=9ycKaF-64qg,9ycKaF-64qg,124625,2108,59.12
899,https://www.youtube.com/watch?v=-eGEKFMHGr8,-eGEKFMHGr8,292337,23428,12.478
900,https://www.youtube.com/watch?v=KXw8CRapg7k,KXw8CRapg7k,1041087,20925,49.753
901,https://www.youtube.com/watch?v=SXiSVQZLje8,SXiSVQZLje8,11207203,595694,18.814
902,https://www.youtube.com/watch?v=P2KRKxAb2ek,P2KRKxAb2ek,1440716,308024,4.677
903,https://www.youtube.com/watch?v=NIOIKdylRcM,NIOIKdylRcM,210715,6932,30.397
906,https://www.youtube.com/watch?v=Ks1Rgv1enjE,Ks1Rgv1enjE,18117,35363,0.512
907,https://www.youtube.com/watch?v=frNjBYk3SRw,frNjBYk3SRw,409127,25007,16.36
908,https://www.youtube.com/watch?v=ayd3yWr4tqU,ayd3yWr4tqU,2950052,80514,36.64
909,https://www.youtube.com/watch?v=eJO5HU_7_1w,eJO5HU_7_1w,5487826,126387,43.421
