,Filename,URL,likes,dislikes,ratio
0,analysis_comments_-6-AnhFG3cI.json.csv,-6-AnhFG3cI,82893,7278,11.39
1,analysis_comments_-8VfKZCOo_I.json.csv,-8VfKZCOo_I,1235492,86190,14.335
2,analysis_comments_-BjZmE2gtdo.json.csv,-BjZmE2gtdo,2828257,104541,27.054
3,analysis_comments_-CmadmM5cOk.json.csv,-CmadmM5cOk,3477340,159145,21.85
4,analysis_comments_-eGEKFMHGr8.json.csv,-Hqp5Mwq3Zs,31247,1265,24.701
5,analysis_comments_-fWXLAkHmxA.json.csv,-L1PrZf6OTU,84421,123,686.35
6,analysis_comments_-Hqp5Mwq3Zs.json.csv,-eGEKFMHGr8,292337,23428,12.478
7,analysis_comments_-L1PrZf6OTU.json.csv,-fWXLAkHmxA,196533,1474,133.333
8,analysis_comments_-s23GrMq-wA.json.csv,-s23GrMq-wA,70369,2800,25.132
9,analysis_comments_-tJYN-eG1zk.json.csv,-tJYN-eG1zk,5014176,136806,36.652
10,analysis_comments_0CWFO8cMxO4.json.csv,0CWFO8cMxO4,29371,393,74.735
11,analysis_comments_0HDdjwpPM3Y.json.csv,0HDdjwpPM3Y,10076469,452107,22.288
12,analysis_comments_0zBSw5Rg41w.json.csv,0zBSw5Rg41w,201442,3366,59.846
13,analysis_comments_1-xGerv5FOk.json.csv,1-xGerv5FOk,10563886,231982,45.538
14,analysis_comments_1D5cxbDbKMc.json.csv,1D5cxbDbKMc,235018,4392,53.51
15,analysis_comments_1ekZEVeXwek.json.csv,1GS7wxWPaxc,3113474,76901,40.487
16,analysis_comments_1GS7wxWPaxc.json.csv,1__CAdTJ5JU,2332024,126438,18.444
17,analysis_comments_1_zgKRBrT0Y.json.csv,1_zgKRBrT0Y,12113236,946366,12.8
18,analysis_comments_1__CAdTJ5JU.json.csv,1ekZEVeXwek,5042511,180984,27.862
19,analysis_comments_2cyzCReoNgU.json.csv,2S24-y0Ij3Y,22533352,1301441,17.314
20,analysis_comments_2fDVXFlHtdE.json.csv,2Vv-BfVoq4g,17602337,623794,28.218
21,analysis_comments_2j9RcvNRywQ.json.csv,2Z0Put0teCM,161361,6495,24.844
22,analysis_comments_2S24-y0Ij3Y.json.csv,2cyzCReoNgU,78842,819,96.266
23,analysis_comments_2sn45qRAEzE.json.csv,2fDVXFlHtdE,271325,1622,167.278
24,analysis_comments_2Vv-BfVoq4g.json.csv,2j9RcvNRywQ,203936,492,414.504
25,analysis_comments_2Z0Put0teCM.json.csv,2sn45qRAEzE,309592,3332,92.915
26,analysis_comments_2zNB3CotyxM.json.csv,2zNB3CotyxM,435483,32568,13.371
27,analysis_comments_32si5cfrCNc.json.csv,32si5cfrCNc,14693771,646983,22.711
28,analysis_comments_34u9lJWBLMc.json.csv,34u9lJWBLMc,207457,2939,70.588
29,analysis_comments_3CxtK7-XtE0.json.csv,3CxtK7-XtE0,3867578,187637,20.612
30,analysis_comments_3f2X_gIJ_u4.json.csv,3R0AlwgcyDE,133166,1491,89.313
31,analysis_comments_3farSqm-AxM.json.csv,3U2dNKBM28o,126427,6010,21.036
32,analysis_comments_3pgWNs7lay0.json.csv,3X9wEwulYhk,3917122,328464,11.926
33,analysis_comments_3qHhGmiAQoY.json.csv,3f2X_gIJ_u4,114780,4068,28.215
34,analysis_comments_3R0AlwgcyDE.json.csv,3farSqm-AxM,86722,1784,48.611
35,analysis_comments_3tmd-ClpJxA.json.csv,3pgWNs7lay0,197041,6577,29.959
36,analysis_comments_3U2dNKBM28o.json.csv,3qHhGmiAQoY,49445,6139,8.054
37,analysis_comments_3vDuSr2VLmw.json.csv,3tmd-ClpJxA,11939557,1373103,8.695
38,analysis_comments_3X9wEwulYhk.json.csv,3vDuSr2VLmw,30561,520,58.771
39,analysis_comments_4-TbQnONe_w.json.csv,4-TbQnONe_w,1635202,65576,24.936
40,analysis_comments_4GuqB1BQVr4.json.csv,4GuqB1BQVr4,5506389,1080204,5.098
41,analysis_comments_4iQxG8ZjYO8.json.csv,4Rgqc-9MPIY,66530,15373,4.328
42,analysis_comments_4j725wScY0E.json.csv,4UDaT5LVnmI,87396,5171,16.901
43,analysis_comments_4Rgqc-9MPIY.json.csv,4iQxG8ZjYO8,2100324,69639,30.16
44,analysis_comments_4UDaT5LVnmI.json.csv,4j725wScY0E,3190841,118715,26.878
45,analysis_comments_58u-zkDLNPg.json.csv,58u-zkDLNPg,3095945,181004,17.104
46,analysis_comments_5eBBdBEbbXQ.json.csv,5EQ8ctJmmUo,11713,2,5856.5
47,analysis_comments_5EQ8ctJmmUo.json.csv,5GJWxDKyk3A,4743158,76025,62.389
48,analysis_comments_5GJWxDKyk3A.json.csv,5TBW-uCkvtA,194420,35013,5.553
49,analysis_comments_5kHq6hqgROc.json.csv,5UMCrq-bBCg,1450710,14196,102.191
50,analysis_comments_5TBW-uCkvtA.json.csv,5X-Mrc2l1d0,2042661,45404,44.989
51,analysis_comments_5ula1NjaHUA.json.csv,5eBBdBEbbXQ,1341958,71028,18.893
52,analysis_comments_5UMCrq-bBCg.json.csv,5kHq6hqgROc,452710,23499,19.265
53,analysis_comments_5unbAtbxvEM.json.csv,5ula1NjaHUA,37644,752,50.059
54,analysis_comments_5X-Mrc2l1d0.json.csv,5unbAtbxvEM,71222,633,112.515
55,analysis_comments_60ItHLz5WEA.json.csv,60ItHLz5WEA,25188144,661262,38.091
56,analysis_comments_6Dh-RL__uN4.json.csv,6DRkf3kZMXw,4026739,239899,16.785
57,analysis_comments_6DRkf3kZMXw.json.csv,6Dh-RL__uN4,12607069,914402,13.787
58,analysis_comments_6G7GulQJUIU.json.csv,6G7GulQJUIU,409665,33558,12.208
59,analysis_comments_6Mgqbai3fKo.json.csv,6Mgqbai3fKo,9902804,792970,12.488
60,analysis_comments_6txSmc8napQ.json.csv,6txSmc8napQ,464874,23818,19.518
61,analysis_comments_72UO0v5ESUo.json.csv,72UO0v5ESUo,6076093,598045,10.16
62,analysis_comments_75PpxGzR7s0.json.csv,75PpxGzR7s0,510271,14992,34.036
63,analysis_comments_7bXWtXxLzlk.json.csv,7Gs9zvu5FyE,153737,519,296.218
64,analysis_comments_7Gs9zvu5FyE.json.csv,7JmprpRIsEY,293350,14897,19.692
65,analysis_comments_7JmprpRIsEY.json.csv,7MHlhHaLcTA,370369,2103,176.115
66,analysis_comments_7MHlhHaLcTA.json.csv,7ZP_Fubqwcg,175048,3260,53.696
67,analysis_comments_7wtfhZwyrcc.json.csv,7bXWtXxLzlk,185131,1392,132.996
68,analysis_comments_7ysFgElQtjI.json.csv,7wtfhZwyrcc,19258995,567618,33.93
69,analysis_comments_7ZP_Fubqwcg.json.csv,7ysFgElQtjI,5968695,276755,21.567
70,analysis_comments_86kKFYmAMxA.json.csv,86kKFYmAMxA,564529,44449,12.701
71,analysis_comments_87gWaABqGYs.json.csv,87gWaABqGYs,3740442,109485,34.164
72,analysis_comments_8CdcCD5V-d8.json.csv,8CdcCD5V-d8,9400751,250283,37.56
73,analysis_comments_8DytqFTwNSc.json.csv,8DytqFTwNSc,88001,2068,42.554
74,analysis_comments_8EFalFXALEA.json.csv,8EFalFXALEA,1832028,94850,19.315
75,analysis_comments_8EJ3zbKTWQ8.json.csv,8EJ3zbKTWQ8,11371069,1420624,8.004
76,analysis_comments_8fqm3uht5xU.json.csv,8MEUWEvABTI,89328,109355,0.817
77,analysis_comments_8MEUWEvABTI.json.csv,8fqm3uht5xU,185196,1279,144.797
78,analysis_comments_8n-EoUv_qTc.json.csv,8n-EoUv_qTc,385222,22641,17.014
79,analysis_comments_8qEf358A_EM.json.csv,8qEf358A_EM,31381,987,31.794
80,analysis_comments_8rODvcIcOF4.json.csv,8rODvcIcOF4,211961,4135,51.26
81,analysis_comments_8rZLnz-oo_c.json.csv,8rZLnz-oo_c,36596,782,46.798
82,analysis_comments_8w7chA9Wnuw.json.csv,8w7chA9Wnuw,618657,4295,144.041
83,analysis_comments_8xg3vE8Ie_E.json.csv,8xg3vE8Ie_E,4268122,115995,36.796
84,analysis_comments_8zdg-pDF10g.json.csv,8zdg-pDF10g,296863,3332,89.095
85,analysis_comments_91vECNhvmMY.json.csv,91vECNhvmMY,2135562,80228,26.619
86,analysis_comments_99bGsbcKQZ0.json.csv,99bGsbcKQZ0,15514,1773,8.75
87,analysis_comments_9nClXHVdK4I.json.csv,9WbCfHutDSE,4921960,179187,27.468
88,analysis_comments_9WbCfHutDSE.json.csv,9nClXHVdK4I,91796,4737,19.379
89,analysis_comments_9xG5aPvrS-k.json.csv,9xG5aPvrS-k,676173,7757,87.169
90,analysis_comments_9ycKaF-64qg.json.csv,9ycKaF-64qg,124625,2108,59.12
91,analysis_comments_a4-uIJJPrG4.json.csv,A8KQhwmdZIw,1829705,9811,186.495
92,analysis_comments_A8KQhwmdZIw.json.csv,Ac5tUDHlacU,437113,11107,39.355
93,analysis_comments_Ac5tUDHlacU.json.csv,Ah5MYGQBYRo,2475426,58505,42.311
94,analysis_comments_acEOASYioGY.json.csv,Amq-qlqbjYA,11776118,456709,25.785
95,analysis_comments_adsJy2abKs0.json.csv,ApXoWvfEYVU,12696242,447507,28.371
96,analysis_comments_afUx6AIG3Tg.json.csv,Az-mGR-CehY,3853701,81788,47.118
97,analysis_comments_Ah5MYGQBYRo.json.csv,B111sTzYFaQ,12059,248,48.625
98,analysis_comments_aHnHwrJjR3U.json.csv,B6_iQvaIjXw,4779718,142453,33.553
99,analysis_comments_amhC8WYgNA4.json.csv,B96Jmhm2VEw,63463,5577,11.379
100,analysis_comments_Amq-qlqbjYA.json.csv,BBAyRBTfsOU,11631042,933874,12.455
101,analysis_comments_anbrC6s0RD4.json.csv,BFlG5sD540k,2039031,90608,22.504
102,analysis_comments_anfOF0KP4JE.json.csv,C3y6jGCXiUA,185087,4765,38.843
103,analysis_comments_ApXoWvfEYVU.json.csv,C6P6hrWyidA,668235,59395,11.251
104,analysis_comments_aSjflT_J0Xo.json.csv,CHVhwcOg6y8,3776625,733627,5.148
105,analysis_comments_au2n7VVGv_c.json.csv,CLrf5YCSsT8,270852,11727,23.096
106,analysis_comments_awkkyBH2zEo.json.csv,CM4CkVFmTds,5969357,151359,39.438
107,analysis_comments_ayd3yWr4tqU.json.csv,CPK_IdHe1Yg,3791435,147769,25.658
108,analysis_comments_Az-mGR-CehY.json.csv,CQAT5qdG8tI,574158,27044,21.231
109,analysis_comments_B111sTzYFaQ.json.csv,CRYJshFLnAU,24759,7,3537.0
110,analysis_comments_B6_iQvaIjXw.json.csv,CVa3Hwh5IiI,31052,887,35.008
111,analysis_comments_B96Jmhm2VEw.json.csv,CevxZvSJLk8,14929579,1071716,13.931
112,analysis_comments_ba7mB8oueCY.json.csv,CjAHVcloVAo,36207,1695,21.361
113,analysis_comments_BBAyRBTfsOU.json.csv,Ck4xHocysLw,1568172,86236,18.185
114,analysis_comments_BFlG5sD540k.json.csv,ClQ-ymoXJZc,1079676,8874,121.667
115,analysis_comments_bibIWBTD_tE.json.csv,CuklIb9d3fI,16340693,301076,54.274
116,analysis_comments_binE0CCQgTo.json.csv,D9G1VOjN_84,3983716,32743,121.666
117,analysis_comments_bNTRIdraX8c.json.csv,DKYGY0HVoHE,588371,17288,34.033
118,analysis_comments_bPs0xFd4skY.json.csv,DK_0jXPuIr0,10027986,1189437,8.431
119,analysis_comments_bVmYuvJ_4v0.json.csv,DNB9IC0UXto,513588,23788,21.59
120,analysis_comments_bvWRMAU6V-c.json.csv,DQQRjFzB8gY,870202,49922,17.431
121,analysis_comments_bwmSjveL3Lc.json.csv,DiItGE3eAyQ,12244234,923778,13.255
122,analysis_comments_bX3S-_jUauc.json.csv,DjL9di-UIYc,1376427,21338,64.506
123,analysis_comments_bxnYFOixIoc.json.csv,Dkk9gvTmCXY,4342001,331019,13.117
124,analysis_comments_C3y6jGCXiUA.json.csv,Dm9Zf1WYQ_A,3938036,93012,42.339
125,analysis_comments_c4BLVznuWnU.json.csv,DmKpePzn5-c,905074,145032,6.241
126,analysis_comments_C6P6hrWyidA.json.csv,DovdIspaqmw,146007,5324,27.424
127,analysis_comments_c89M7PO0zY8.json.csv,DpacO4GOIuQ,153748,843,182.382
128,analysis_comments_c8ztudg6N3k.json.csv,DyDfgMOUjCI,17360427,1101547,15.76
129,analysis_comments_ca48oMV59LU.json.csv,E10WufZ8NkY,95608,1378,69.382
130,analysis_comments_CevxZvSJLk8.json.csv,E5MHEf5USUM,172554,941,183.373
131,analysis_comments_CHVhwcOg6y8.json.csv,ED3xFj-jDI8,940584,134721,6.982
132,analysis_comments_CjAHVcloVAo.json.csv,EIzcw5fVUtY,13067,336,38.89
133,analysis_comments_Ck4xHocysLw.json.csv,EXEqkVXFLhI,866785,13259,65.373
134,analysis_comments_ClQ-ymoXJZc.json.csv,EbnH3VHzhu8,151823,8937,16.988
135,analysis_comments_CLrf5YCSsT8.json.csv,EgBJmlPo8Xw,4836855,98296,49.207
136,analysis_comments_CM4CkVFmTds.json.csv,EosMazKaPbU,1682744,41285,40.759
137,analysis_comments_cNhXH1etCwM.json.csv,FA2j9qlFyDU,57723,428,134.867
138,analysis_comments_CPK_IdHe1Yg.json.csv,FWI1BrV080g,22317,1153,19.356
139,analysis_comments_CQAT5qdG8tI.json.csv,Fdc446yiT-4,67206,2601,25.839
140,analysis_comments_cqlRmt73PzE.json.csv,FjC5XHyK7hE,64351,3591,17.92
141,analysis_comments_crgFPl2eaPE.json.csv,Fp8msa5uYsc,2218639,30361,73.075
142,analysis_comments_CRYJshFLnAU.json.csv,FttjE-tCZtI,222266,1676,132.617
143,analysis_comments_CuklIb9d3fI.json.csv,FxQTY-W6GIo,6227141,202482,30.754
144,analysis_comments_CVa3Hwh5IiI.json.csv,G8APgeFfkAk,1069716,26518,40.339
145,analysis_comments_cW0jVkWAmOA.json.csv,GU-vN1BHwhQ,272871,13304,20.51
146,analysis_comments_cwub1m1pg0c.json.csv,G_BhUxx-cwk,740355,6772,109.326
147,analysis_comments_cyW2ajAVyfA.json.csv,GhOFMaqiAOE,307786,16470,18.688
148,analysis_comments_d1oHZuF1k2I.json.csv,Gl6ekgobG2k,444179,59340,7.485
149,analysis_comments_D9G1VOjN_84.json.csv,GmHrjFIWl6U,5493713,533561,10.296
150,analysis_comments_dFp_b5DPIIo.json.csv,Gsr_Jy56T4g,38080,561,67.879
151,analysis_comments_DiItGE3eAyQ.json.csv,GtSRKwDCaZM,5961587,608317,9.8
152,analysis_comments_dISNgvVpWlo.json.csv,HDEC9cwdxGg,132848,1611,82.463
153,analysis_comments_DjL9di-UIYc.json.csv,HDyXbkLgmUs,259070,15328,16.902
154,analysis_comments_Dkk9gvTmCXY.json.csv,HUHC9tYz8ik,8039150,246110,32.665
155,analysis_comments_DKYGY0HVoHE.json.csv,HXO0d0vOyFE,14156,3314,4.272
156,analysis_comments_DK_0jXPuIr0.json.csv,HZRMonTRP30,692222,12477,55.48
157,analysis_comments_Dm9Zf1WYQ_A.json.csv,HgzGwKwLmgM,4886007,106230,45.995
158,analysis_comments_DmKpePzn5-c.json.csv,HhjHYkPQ8F0,4295463,73246,58.644
159,analysis_comments_dmW68lzaaqs.json.csv,Hr85jpejdLc,86534,18911,4.576
160,analysis_comments_DNB9IC0UXto.json.csv,HzZ_urpj4As,2320755,74298,31.236
161,analysis_comments_dNCWe_6HAM8.json.csv,IBaSizQyC5g,2994521,174322,17.178
162,analysis_comments_doLMt10ytHY.json.csv,IC-CwFr29no,615276,32336,19.028
163,analysis_comments_DovdIspaqmw.json.csv,IHNzOHi8sJs,20956905,1139181,18.396
164,analysis_comments_DpacO4GOIuQ.json.csv,IJ-Bjm3I8B8,83833,1963,42.707
165,analysis_comments_DQQRjFzB8gY.json.csv,IdneKLhsWOQ,4892927,207315,23.601
166,analysis_comments_dr_GAJZviR0.json.csv,IhdsAPQ_jbs,207425,3482,59.571
167,analysis_comments_dsUXAEzaC3Q.json.csv,IhugmviyP1g,59434,1584,37.521
168,analysis_comments_dTuSAkfuYLc.json.csv,Il0S8BoucSA,1804084,49918,36.141
169,analysis_comments_DyDfgMOUjCI.json.csv,JGgnz0-w9TU,244604,8108,30.168
170,analysis_comments_dyRsYk0LyA8.json.csv,JGwWNGJdvx8,29614620,1451876,20.397
171,analysis_comments_dZ0fwJojhrs.json.csv,JIz0-6_mPIE,182089,2599,70.061
172,analysis_comments_e-ORhEE9VVg.json.csv,JSoGsO6n-qU,69266,1244,55.68
173,analysis_comments_E10WufZ8NkY.json.csv,Jb2stN7kH28,737262,24824,29.7
174,analysis_comments_e3C8Nh3DIwA.json.csv,JktwRXYTDYc,239795,20335,11.792
175,analysis_comments_E5MHEf5USUM.json.csv,Jn1Uwsg3eRQ,257613,6532,39.439
176,analysis_comments_EbnH3VHzhu8.json.csv,JnJmBA8N-gY,184726,7629,24.214
177,analysis_comments_ED3xFj-jDI8.json.csv,Jqi4GBxmwgg,628561,17359,36.21
178,analysis_comments_EgBJmlPo8Xw.json.csv,K0ibBPhiaG0,2856004,84085,33.966
179,analysis_comments_EIzcw5fVUtY.json.csv,K7BIPr6MBLo,64043,1333,48.044
180,analysis_comments_eJO5HU_7_1w.json.csv,K7wmk7U4BhQ,224044,3842,58.314
181,analysis_comments_EosMazKaPbU.json.csv,KCwK2ECPDLA,43188,1716,25.168
182,analysis_comments_EXEqkVXFLhI.json.csv,KPYcso5TevE,2248,2810,0.8
183,analysis_comments_f5omY8jVrSM.json.csv,KWGrPNqz4uc,5875218,428052,13.725
184,analysis_comments_f5_wn8mexmM.json.csv,KXw8CRapg7k,1041087,20925,49.753
185,analysis_comments_f7xYhYFi5aM.json.csv,KYzMn1gjosY,20685,26,795.577
186,analysis_comments_FA2j9qlFyDU.json.csv,KhXiCqeM7g0,58411,5972,9.781
187,analysis_comments_Fdc446yiT-4.json.csv,KnyGqZgTU2A,64407,4918,13.096
188,analysis_comments_feLcMaiClOw.json.csv,Ks1Rgv1enjE,18117,35363,0.512
189,analysis_comments_ffxKSjUwKdU.json.csv,KtbVbCTzZd8,1126081,50672,22.223
190,analysis_comments_fJ9rUzIMcZQ.json.csv,L40EFeYQmv8,88843,388,228.977
191,analysis_comments_FjC5XHyK7hE.json.csv,L8eRzOYhLuw,5840930,348904,16.741
192,analysis_comments_fKopy74weus.json.csv,LDnsJy2BasM,115600,3952,29.251
193,analysis_comments_Fp8msa5uYsc.json.csv,LEESPXcGbgQ,28616,46584,0.614
194,analysis_comments_fpt5e0XHvwE.json.csv,LH4Y1ZUUx2g,6066787,250092,24.258
195,analysis_comments_frNjBYk3SRw.json.csv,LTppaeecuIE,51957,409,127.034
196,analysis_comments_FttjE-tCZtI.json.csv,LeiFF0gvqcc,2793728,123544,22.613
197,analysis_comments_fUN2dGKxHFU.json.csv,Lf2UNF4cYhg,230069,15382,14.957
198,analysis_comments_fUWn6BYrYK8.json.csv,LgesbsaGKlE,47285,322,146.848
199,analysis_comments_FWI1BrV080g.json.csv,LwzN_v7GPMs,774502,22397,34.581
200,analysis_comments_FxQTY-W6GIo.json.csv,M-P4QBt-FWw,5890488,137830,42.737
201,analysis_comments_G8APgeFfkAk.json.csv,MBdVXkSdhwU,21731945,1079360,20.134
202,analysis_comments_gADgM89skZQ.json.csv,MPbUaIZAaeA,3949659,73920,53.432
203,analysis_comments_gBRi6aZJGj4.json.csv,MbeNyTzksFQ,69905,1765,39.606
204,analysis_comments_gdZLi9oWNZg.json.csv,MrlNCKnRqjw,36794,29,1268.759
205,analysis_comments_GhOFMaqiAOE.json.csv,MuEhrNDetwk,61252,129,474.822
206,analysis_comments_gJhflBAwclA.json.csv,MzzLsvB6oas,97303,2227,43.692
207,analysis_comments_gl1aHhXnN1k.json.csv,N0dbGGvsjf8,225540,3321,67.913
208,analysis_comments_Gl6ekgobG2k.json.csv,N97saaTR7JE,2104670,39627,53.112
209,analysis_comments_gm3-m2CFVWM.json.csv,NIOIKdylRcM,210715,6932,30.397
210,analysis_comments_GmHrjFIWl6U.json.csv,NIRuH51h6m0,175133,4167,42.029
211,analysis_comments_gOMhN-hfMtY.json.csv,NLGdIWkhvAc,15509,1902,8.154
212,analysis_comments_gOsM-DYAEhY.json.csv,NPpELzyP4rw,6186858,218712,28.288
213,analysis_comments_Gsr_Jy56T4g.json.csv,NeRZ_tdD8KM,2634312,110510,23.838
214,analysis_comments_GtSRKwDCaZM.json.csv,NgDb0fRCblo,83938,28365,2.959
215,analysis_comments_GU-vN1BHwhQ.json.csv,NxilU56kPu0,46261,1820,25.418
216,analysis_comments_gU2HqP4NxUs.json.csv,NzkhFcZogc0,19368,338,57.302
217,analysis_comments_gVbB7DCgfZs.json.csv,O3ElohqHEzQ,247475,4239,58.381
218,analysis_comments_gw1Es8tT5KI.json.csv,OBB-0OCCN9U,139760,4387,31.858
219,analysis_comments_gwkqL8PhCXA.json.csv,OD5sPf-Kgbc,17462,775,22.532
220,analysis_comments_gwMa6gpoE9I.json.csv,OSUxrSe5GbI,7308006,374269,19.526
221,analysis_comments_gys9oDZj-MY.json.csv,OkmVcYtCqjw,222808,7816,28.507
222,analysis_comments_G_BhUxx-cwk.json.csv,OpD2c4Tu544,106224,1944,54.642
223,analysis_comments_hD1YtmKXNb4.json.csv,Ot3H4TvJlpo,236624,15398,15.367
224,analysis_comments_HDEC9cwdxGg.json.csv,P2KRKxAb2ek,1440716,308024,4.677
225,analysis_comments_HDyXbkLgmUs.json.csv,PGJ43zaam_0,2609898,80282,32.509
226,analysis_comments_heaYw-10T18.json.csv,PHgc8Q6qTjc,10319993,394288,26.174
227,analysis_comments_HgzGwKwLmgM.json.csv,PSO8vSizOYA,114636,2401,47.745
228,analysis_comments_hHB1Ikzfpmc.json.csv,PV4NGwn_xdI,176480,3897,45.286
229,analysis_comments_HhjHYkPQ8F0.json.csv,PivWY9wn5ps,1052564,24131,43.619
230,analysis_comments_Hr85jpejdLc.json.csv,Pkh8UtuejGw,18983629,567343,33.461
231,analysis_comments_HUHC9tYz8ik.json.csv,PveR9ZdtLbY,622401,50417,12.345
232,analysis_comments_HXO0d0vOyFE.json.csv,Q2S7CDuBTOc,1338381,48939,27.348
233,analysis_comments_HZRMonTRP30.json.csv,Q4a9uwV4nmo,581181,55354,10.499
234,analysis_comments_HzZ_urpj4As.json.csv,Q527XDLEpfU,2070701,297539,6.959
235,analysis_comments_h_D3VFfhvs4.json.csv,Q9Vjvz1NPN8,3892243,48067,80.975
236,analysis_comments_i0p1bmr0EmE.json.csv,QD9HVyF3EEI,108244,1590,68.078
237,analysis_comments_IBaSizQyC5g.json.csv,QMhVtPmPAW8,107990,1142,94.562
238,analysis_comments_IC-CwFr29no.json.csv,QNJL6nfu__Q,7597883,233081,32.598
239,analysis_comments_IdneKLhsWOQ.json.csv,QO7e_RiMVQg,528751,6736,78.496
240,analysis_comments_IhdsAPQ_jbs.json.csv,QVLvD5_6ld0,224538,16509,13.601
241,analysis_comments_IHNzOHi8sJs.json.csv,QYh6mYIJG2Y,14659800,606321,24.178
242,analysis_comments_IhugmviyP1g.json.csv,QamGk6o9lZs,124327,8836,14.071
243,analysis_comments_IJ-Bjm3I8B8.json.csv,QcIy9NiNbmo,8959283,597580,14.993
244,analysis_comments_ikebWCNAt0k.json.csv,QnzbBzOGHPA,99068,5141,19.27
245,analysis_comments_Il0S8BoucSA.json.csv,QsC1BinUPxo,81264,1690,48.085
246,analysis_comments_iMOkUyGnIIs.json.csv,RC37n6Fk3RE,30482,548,55.624
247,analysis_comments_ioNng23DkIM.json.csv,RF78s4nphEY,175823,1671,105.22
248,analysis_comments_iVXVYsCSWd8.json.csv,RMc9qFrCqno,569422,25403,22.416
249,analysis_comments_ixkoVwKQaJg.json.csv,RNzQdcPWWX4,1875965,58468,32.085
250,analysis_comments_iXYyFqLi__8.json.csv,RUQl6YcMalg,6868958,191610,35.849
251,analysis_comments_j440-D5JhjI.json.csv,RgzLnmTaCAU,3041408,296630,10.253
252,analysis_comments_j5-yKhDd64s.json.csv,RljdPIfnp0U,1484755,51566,28.793
253,analysis_comments_j51hW59U1IM.json.csv,S2dRcipMCpw,3301391,165888,19.901
254,analysis_comments_j64oZLF443g.json.csv,S9bCLPwzSC0,3860405,88159,43.789
255,analysis_comments_Jb2stN7kH28.json.csv,SC4xMk98Pdc,8692145,417678,20.811
256,analysis_comments_JGgnz0-w9TU.json.csv,SLsTskih7_I,5085209,282601,17.994
257,analysis_comments_JGwWNGJdvx8.json.csv,SXiSVQZLje8,11207203,595694,18.814
258,analysis_comments_JIz0-6_mPIE.json.csv,Sd4SJVsTulc,822729,24418,33.694
259,analysis_comments_jjW-0I4m2z0.json.csv,SntSCzTv_ko,186195,16394,11.358
260,analysis_comments_JktwRXYTDYc.json.csv,SyMmSAAAXxg,14159,1969,7.191
261,analysis_comments_Jn1Uwsg3eRQ.json.csv,TDVlDUAIz5k,75450,1148,65.723
262,analysis_comments_JnJmBA8N-gY.json.csv,TO-_3tck2tg,419501,5304,79.091
263,analysis_comments_Jqi4GBxmwgg.json.csv,TOg39GWD5-E,35423,168,210.851
264,analysis_comments_jR4vvMblYs0.json.csv,TbuzMy8gHTE,159569,1044,152.844
265,analysis_comments_JSoGsO6n-qU.json.csv,Tc0tLGWIqxA,1071329,20032,53.481
266,analysis_comments_jzYxbnHHhY4.json.csv,TkFHYODzRTs,571776,19068,29.986
267,analysis_comments_K0ibBPhiaG0.json.csv,TmKh7lAwnBI,7928490,308012,25.741
268,analysis_comments_k157GjJHvK4.json.csv,TpHY1Oi068g,56394,1603,35.18
269,analysis_comments_k6ZoE4RrcDs.json.csv,Tq60c_SaExc,1898763,95220,19.941
270,analysis_comments_K7BIPr6MBLo.json.csv,TruV0K_lV4c,66463,4,16615.75
271,analysis_comments_K7wmk7U4BhQ.json.csv,TxdwvrawHuo,761030,27488,27.686
272,analysis_comments_k8otG7pjZ50.json.csv,U4_IiCusOOc,202713,2708,74.857
273,analysis_comments_KCwK2ECPDLA.json.csv,U4xPahDjY6k,651034,16242,40.083
274,analysis_comments_kcYS_cUwr-8.json.csv,UTHLKHL_whs,8005853,771361,10.379
275,analysis_comments_kffacxfA7G4.json.csv,UXAdlaUhrlE,1513363,52519,28.816
276,analysis_comments_kHLHSlExFis.json.csv,UYwF-jdcVjY,4039126,90898,44.436
277,analysis_comments_KhXiCqeM7g0.json.csv,UceaB4D0jpo,11851405,345019,34.35
278,analysis_comments_kijpcUv-b8M.json.csv,Ud0O9bF_tCc,66928,318,210.465
279,analysis_comments_kJQP7kiw5Fk.json.csv,Udpjen4ON_8,22825,174,131.178
280,analysis_comments_KnyGqZgTU2A.json.csv,UoweBBAiXUM,52693,964,54.661
281,analysis_comments_kOHB85vDuow.json.csv,V-hwrOcuXOM,299217,2179,137.318
282,analysis_comments_kPg3M4C9N9w.json.csv,V1Pl8CzNzCw,22188536,329547,67.33
283,analysis_comments_kPhpHvnnn0Q.json.csv,V2hlQkVJZhE,4993346,364898,13.684
284,analysis_comments_KPYcso5TevE.json.csv,V5M2WZiAy6k,2313321,42672,54.212
285,analysis_comments_Ks1Rgv1enjE.json.csv,VZOBjI-Vm8w,169659,4513,37.593
286,analysis_comments_kt14c7sYTFA.json.csv,VqEbCxg2bNI,7768768,785261,9.893
287,analysis_comments_KtbVbCTzZd8.json.csv,VronettmNRI,496684,3395,146.299
288,analysis_comments_kTJczUoc26U.json.csv,VuNIsY6JdUw,8352601,254258,32.851
289,analysis_comments_kTlv5_Bs8aw.json.csv,W0DM5lcj6mw,4217756,117506,35.894
290,analysis_comments_ktvTqknDobU.json.csv,WA4iX5D9Z64,3727564,170077,21.917
291,analysis_comments_KWGrPNqz4uc.json.csv,WAcnWtZjDWE,3626467,209798,17.286
292,analysis_comments_kWigaAi0kdE.json.csv,WEC4iwfN9zA,205267,714,287.489
293,analysis_comments_KXw8CRapg7k.json.csv,WG0WP6jgESs,566494,51708,10.956
294,analysis_comments_KYzMn1gjosY.json.csv,WJN3AKboLuA,30917,1318,23.458
295,analysis_comments_L40EFeYQmv8.json.csv,WMweEpGlu_U,21797853,501239,43.488
296,analysis_comments_l7ddWtP1DW8.json.csv,WWCsGEarExg,556559,26954,20.648
297,analysis_comments_L8eRzOYhLuw.json.csv,WkgHkrM9fo0,3844106,123332,31.169
298,analysis_comments_lCiV4wACZ8w.json.csv,X8sSXU-J8fI,2896864,162638,17.812
299,analysis_comments_LDnsJy2BasM.json.csv,XA2YEHn-A8Q,4255572,107668,39.525
300,analysis_comments_LEESPXcGbgQ.json.csv,XAi3VTSdTxU,3598114,77276,46.562
301,analysis_comments_LeiFF0gvqcc.json.csv,XBWyE1v8--I,3481747,40635,85.683
302,analysis_comments_Lf2UNF4cYhg.json.csv,XKDciUz-DpE,212164,655,323.915
303,analysis_comments_LgesbsaGKlE.json.csv,XbGs_qK2PQA,17593828,509566,34.527
304,analysis_comments_LH4Y1ZUUx2g.json.csv,XcZX89Z0nVA,117768,4437,26.542
305,analysis_comments_liMkmUXdxCc.json.csv,XekMkIJ843w,184467,4283,43.07
306,analysis_comments_loSuMqwQA38.json.csv,Xk0wdDTTPA0,3152780,185505,16.996
307,analysis_comments_lp-EO5I60KA.json.csv,XsX3ATc3FbA,26153913,1372060,19.062
308,analysis_comments_LTppaeecuIE.json.csv,Y2E71oe0aSM,2951594,112374,26.266
309,analysis_comments_ltZCnYMmVUs.json.csv,Y2NkuFIlLEo,818765,11687,70.058
310,analysis_comments_luQ0JWcrsWg.json.csv,Y5WMMFQUP4I,49871,5606,8.896
311,analysis_comments_lVZLHJIOVYY.json.csv,YM3uJ6RtBZM,238410,1500,158.94
312,analysis_comments_LwzN_v7GPMs.json.csv,YVkUvmDQ3HY,9791372,283987,34.478
313,analysis_comments_M-P4QBt-FWw.json.csv,YiTMyu-r_Ko,732784,8375,87.497
314,analysis_comments_m8E3Dh-gfhM.json.csv,Z19DRZahG8c,45901,1782,25.758
315,analysis_comments_MBdVXkSdhwU.json.csv,Z3w5gVM_4y8,1104160,34062,32.416
316,analysis_comments_MbeNyTzksFQ.json.csv,Z7l2Q25y0vU,117528,8752,13.429
317,analysis_comments_mIxlvVlOIS0.json.csv,Z9b0Hj-BfaM,931130,15874,58.658
318,analysis_comments_mLugzKRTf-0.json.csv,ZCqG45PtfkE,200747,10158,19.762
319,analysis_comments_MPbUaIZAaeA.json.csv,ZJ4Qp1ietPc,2519306,33734,74.682
320,analysis_comments_MrlNCKnRqjw.json.csv,ZSgVayPHuB8,295047,20082,14.692
321,analysis_comments_MuEhrNDetwk.json.csv,ZXmjhRkPVFc,114355,2495,45.834
322,analysis_comments_mUlFZKFOFiM.json.csv,Z_MvkyuOJgk,403030,10540,38.238
323,analysis_comments_mUngYa0rnig.json.csv,ZcmoBlURJB4,732677,35567,20.6
324,analysis_comments_mwatzFa-2I0.json.csv,Zi_XLOBDo_Y,8403328,246502,34.09
325,analysis_comments_mwg299-9FMc.json.csv,ZnO8FHBdBC0,180814,32541,5.556
326,analysis_comments_mwHBdTqJd2g.json.csv,_8cDGfrMh0o,161156,26834,6.006
327,analysis_comments_mWRsgZuwf_8.json.csv,_EjtVzK5UFY,39116,1024,38.199
328,analysis_comments_mwWPnXhWKjA.json.csv,_JOnM3jmY0o,3394691,187901,18.066
329,analysis_comments_MzzLsvB6oas.json.csv,_Jtpf8N5IDE,886495,18109,48.953
330,analysis_comments_N0dbGGvsjf8.json.csv,_KVZRCyEfnw,100792,9144,11.023
331,analysis_comments_N97saaTR7JE.json.csv,_Yhyp-_hX2s,8280694,226161,36.614
332,analysis_comments_nDP9sOUI6ps.json.csv,_ae5Ap77b7k,648543,30214,21.465
333,analysis_comments_NeRZ_tdD8KM.json.csv,_ce7WX4l55A,703416,15879,44.299
334,analysis_comments_nfWlot6h_JM.json.csv,_pHTDbhutlY,171751,1118,153.623
335,analysis_comments_NgDb0fRCblo.json.csv,_wNsZEqpKUA,1172037,13874,84.477
336,analysis_comments_nikm4zpKCPM.json.csv,_wtKe9Fq-eQ,209223,1114,187.812
337,analysis_comments_NIOIKdylRcM.json.csv,a4-uIJJPrG4,147708,2904,50.864
338,analysis_comments_NIRuH51h6m0.json.csv,aHnHwrJjR3U,330035,11010,29.976
339,analysis_comments_nJHYDkvRB2Y.json.csv,aSjflT_J0Xo,6693755,286284,23.382
340,analysis_comments_NLGdIWkhvAc.json.csv,acEOASYioGY,4403152,237041,18.575
341,analysis_comments_NPpELzyP4rw.json.csv,adsJy2abKs0,14281,0,0.0
342,analysis_comments_nSDgHBxUbVQ.json.csv,afUx6AIG3Tg,3786727,255316,14.832
343,analysis_comments_NxilU56kPu0.json.csv,amhC8WYgNA4,509192,19710,25.834
344,analysis_comments_NzkhFcZogc0.json.csv,anbrC6s0RD4,241083,9785,24.638
345,analysis_comments_o-0ygW-B_gI.json.csv,anfOF0KP4JE,340021,16213,20.972
346,analysis_comments_O3ElohqHEzQ.json.csv,au2n7VVGv_c,5822890,222302,26.194
347,analysis_comments_OBB-0OCCN9U.json.csv,awkkyBH2zEo,15638655,276751,56.508
348,analysis_comments_OD5sPf-Kgbc.json.csv,ayd3yWr4tqU,2950052,80514,36.64
349,analysis_comments_oKmJgeo7OLU.json.csv,bNTRIdraX8c,407837,13148,31.019
350,analysis_comments_OkmVcYtCqjw.json.csv,bPs0xFd4skY,1000427,19054,52.505
351,analysis_comments_omVvuL0lOes.json.csv,bVmYuvJ_4v0,39285,1720,22.84
352,analysis_comments_OpD2c4Tu544.json.csv,bX3S-_jUauc,5952308,215753,27.589
353,analysis_comments_oPPO_wqlG9Q.json.csv,ba7mB8oueCY,3979248,92216,43.151
354,analysis_comments_oRdxUFDoQe0.json.csv,bibIWBTD_tE,375496,13978,26.863
355,analysis_comments_orJSJGHjBLI.json.csv,binE0CCQgTo,118520,3142,37.721
356,analysis_comments_osTJc5e1Cyo.json.csv,bvWRMAU6V-c,3779419,73129,51.682
357,analysis_comments_OSUxrSe5GbI.json.csv,bwmSjveL3Lc,14175364,661171,21.44
358,analysis_comments_Ot3H4TvJlpo.json.csv,bxnYFOixIoc,170770,20336,8.397
359,analysis_comments_ow1QqW0jzTo.json.csv,c4BLVznuWnU,1763352,32496,54.264
360,analysis_comments_oyEuk8j8imI.json.csv,c89M7PO0zY8,39248,191,205.487
361,analysis_comments_P2KRKxAb2ek.json.csv,c8ztudg6N3k,80787,2283,35.386
362,analysis_comments_p5rQDKoBd6U.json.csv,cNhXH1etCwM,1782634,95836,18.601
363,analysis_comments_pbMwTqkKSps.json.csv,cW0jVkWAmOA,192405,7880,24.417
364,analysis_comments_pBOU8eKYnEM.json.csv,ca48oMV59LU,1275223,52688,24.203
365,analysis_comments_pBuZEGYXA6E.json.csv,cqlRmt73PzE,131368,16533,7.946
366,analysis_comments_pekzpzNCNDQ.json.csv,crgFPl2eaPE,1416843,54035,26.221
367,analysis_comments_PGJ43zaam_0.json.csv,cwub1m1pg0c,349746,33011,10.595
368,analysis_comments_PHgc8Q6qTjc.json.csv,cyW2ajAVyfA,1350496,27671,48.805
369,analysis_comments_PivWY9wn5ps.json.csv,d1oHZuF1k2I,94625,5346,17.7
370,analysis_comments_pK060iUFWXg.json.csv,dFp_b5DPIIo,1009940,35638,28.339
371,analysis_comments_Pkh8UtuejGw.json.csv,dISNgvVpWlo,8815712,292739,30.115
372,analysis_comments_pQCGBEdx8xQ.json.csv,dNCWe_6HAM8,11385697,230056,49.491
373,analysis_comments_pqh4LfPeCYs.json.csv,dTuSAkfuYLc,38257,1239,30.877
374,analysis_comments_PSO8vSizOYA.json.csv,dZ0fwJojhrs,5547972,586761,9.455
375,analysis_comments_pTdjcLlElD4.json.csv,dmW68lzaaqs,5213615,101546,51.342
376,analysis_comments_PV4NGwn_xdI.json.csv,doLMt10ytHY,6052812,218146,27.747
377,analysis_comments_PveR9ZdtLbY.json.csv,dr_GAJZviR0,306287,11825,25.902
378,analysis_comments_q0hyYWKXF0Q.json.csv,dsUXAEzaC3Q,2649146,75955,34.878
379,analysis_comments_Q2S7CDuBTOc.json.csv,dyRsYk0LyA8,14231904,339382,41.935
380,analysis_comments_Q4a9uwV4nmo.json.csv,e-ORhEE9VVg,13182083,766328,17.202
381,analysis_comments_Q527XDLEpfU.json.csv,e3C8Nh3DIwA,157729,5034,31.333
382,analysis_comments_Q9Vjvz1NPN8.json.csv,eJO5HU_7_1w,5487826,126387,43.421
383,analysis_comments_QamGk6o9lZs.json.csv,f5_wn8mexmM,5332329,96617,55.19
384,analysis_comments_QcIy9NiNbmo.json.csv,f5omY8jVrSM,3421083,150565,22.722
385,analysis_comments_qclWIFxq2F4.json.csv,f7xYhYFi5aM,128931,3386,38.078
386,analysis_comments_QD9HVyF3EEI.json.csv,fJ9rUzIMcZQ,10501508,329091,31.911
387,analysis_comments_qdpXxGPqW-Y.json.csv,fKopy74weus,11168205,515686,21.657
388,analysis_comments_qLBXcgdW7U8.json.csv,fUN2dGKxHFU,1714443,61605,27.83
389,analysis_comments_qleJpzB4q7A.json.csv,fUWn6BYrYK8,164717,1669,98.692
390,analysis_comments_QMhVtPmPAW8.json.csv,feLcMaiClOw,312761,19093,16.381
391,analysis_comments_QNJL6nfu__Q.json.csv,ffxKSjUwKdU,7993773,338661,23.604
392,analysis_comments_QnzbBzOGHPA.json.csv,fpt5e0XHvwE,25528,435,58.685
393,analysis_comments_QO7e_RiMVQg.json.csv,frNjBYk3SRw,409127,25007,16.36
394,analysis_comments_qov0ypksviU.json.csv,gADgM89skZQ,1280114,80049,15.992
395,analysis_comments_QsC1BinUPxo.json.csv,gBRi6aZJGj4,6731946,100242,67.157
396,analysis_comments_qSPoWWOzIv8.json.csv,gJhflBAwclA,92612,2823,32.806
397,analysis_comments_QVLvD5_6ld0.json.csv,gOMhN-hfMtY,4134436,129484,31.93
398,analysis_comments_QYh6mYIJG2Y.json.csv,gOsM-DYAEhY,5038382,139211,36.192
399,analysis_comments_qz2vodkoj7I.json.csv,gU2HqP4NxUs,4519884,97903,46.167
400,analysis_comments_qzRIc14LC9U.json.csv,gVbB7DCgfZs,71714,2157,33.247
401,analysis_comments_qZRPXM3iF3g.json.csv,gdZLi9oWNZg,33732610,1920181,17.567
402,analysis_comments_r7qovpFAGrQ.json.csv,gl1aHhXnN1k,12992691,523300,24.828
403,analysis_comments_rBNst8_bpUc.json.csv,gm3-m2CFVWM,181583,7303,24.864
404,analysis_comments_RC37n6Fk3RE.json.csv,gw1Es8tT5KI,90645,1866,48.577
405,analysis_comments_RF78s4nphEY.json.csv,gwMa6gpoE9I,13454315,344972,39.001
406,analysis_comments_RgzLnmTaCAU.json.csv,gwkqL8PhCXA,120444,1858,64.825
407,analysis_comments_RljdPIfnp0U.json.csv,gys9oDZj-MY,798335,5550,143.844
408,analysis_comments_RMc9qFrCqno.json.csv,hD1YtmKXNb4,2515646,24871,101.148
409,analysis_comments_rnMIWj_t3Ow.json.csv,hHB1Ikzfpmc,265512,3307,80.288
410,analysis_comments_RNzQdcPWWX4.json.csv,h_D3VFfhvs4,7261028,223134,32.541
411,analysis_comments_rSWHCZoX2mE.json.csv,heaYw-10T18,209694,4930,42.534
412,analysis_comments_RUQl6YcMalg.json.csv,i0p1bmr0EmE,6228554,300210,20.747
413,analysis_comments_r_0JjYUe5jo.json.csv,iMOkUyGnIIs,33814,926,36.516
414,analysis_comments_S2dRcipMCpw.json.csv,iVXVYsCSWd8,20979,57,368.053
415,analysis_comments_s4BAizuD7Tc.json.csv,iXYyFqLi__8,18986,2133,8.901
416,analysis_comments_S9bCLPwzSC0.json.csv,ikebWCNAt0k,50050,3530,14.178
417,analysis_comments_SC4xMk98Pdc.json.csv,ioNng23DkIM,23286624,1257799,18.514
418,analysis_comments_Sd4SJVsTulc.json.csv,ixkoVwKQaJg,17754723,1017111,17.456
419,analysis_comments_sdAOoB5ML0Q.json.csv,j440-D5JhjI,216011,14459,14.94
420,analysis_comments_sJXZ9Dok7u8.json.csv,j5-yKhDd64s,10751371,280129,38.38
421,analysis_comments_SLsTskih7_I.json.csv,j51hW59U1IM,164645,573,287.339
422,analysis_comments_SntSCzTv_ko.json.csv,j64oZLF443g,559528,2881,194.213
423,analysis_comments_sOnqjkJTMaA.json.csv,jR4vvMblYs0,23355,1478,15.802
424,analysis_comments_sPopc47bshY.json.csv,jjW-0I4m2z0,119578,1748,68.408
425,analysis_comments_ss9ygQqqL2Q.json.csv,jzYxbnHHhY4,841344,56666,14.847
426,analysis_comments_ssq6X6alZ3w.json.csv,k157GjJHvK4,179790,1795,100.162
427,analysis_comments_ssvrReWSQpk.json.csv,k6ZoE4RrcDs,411422,10271,40.057
428,analysis_comments_SXiSVQZLje8.json.csv,k8otG7pjZ50,33535,431,77.807
429,analysis_comments_SyMmSAAAXxg.json.csv,kHLHSlExFis,5073515,477994,10.614
430,analysis_comments_szCubxWdckw.json.csv,kJQP7kiw5Fk,48261894,5346790,9.026
431,analysis_comments_s_eViPLUngU.json.csv,kOHB85vDuow,5671642,257965,21.986
432,analysis_comments_t2QL85K6eZU.json.csv,kPg3M4C9N9w,2147268,98087,21.891
433,analysis_comments_t99KH0TR-J4.json.csv,kPhpHvnnn0Q,696355,14664,47.487
434,analysis_comments_tASwv-tkMlc.json.csv,kTJczUoc26U,8802247,161132,54.628
435,analysis_comments_TbuzMy8gHTE.json.csv,kTlv5_Bs8aw,18338298,426904,42.956
436,analysis_comments_Tc0tLGWIqxA.json.csv,kWigaAi0kdE,595862,5104,116.744
437,analysis_comments_tcrTQUVkUe0.json.csv,kcYS_cUwr-8,2654242,170178,15.597
438,analysis_comments_tCXGJQYZ9JA.json.csv,kffacxfA7G4,21174883,13121035,1.614
439,analysis_comments_tcYodQoapMg.json.csv,kijpcUv-b8M,2387306,55242,43.215
440,analysis_comments_TDVlDUAIz5k.json.csv,kt14c7sYTFA,301018,3946,76.284
441,analysis_comments_TkFHYODzRTs.json.csv,ktvTqknDobU,8853581,262031,33.788
442,analysis_comments_TmKh7lAwnBI.json.csv,l7ddWtP1DW8,215337,1160,185.635
443,analysis_comments_TO-_3tck2tg.json.csv,lCiV4wACZ8w,800343,21433,37.342
444,analysis_comments_TOg39GWD5-E.json.csv,lVZLHJIOVYY,499554,81039,6.164
445,analysis_comments_tollGa3S0o8.json.csv,liMkmUXdxCc,276035,3125,88.331
446,analysis_comments_TpHY1Oi068g.json.csv,loSuMqwQA38,692618,75289,9.199
447,analysis_comments_tQ0yjYUFKAE.json.csv,lp-EO5I60KA,13715367,574438,23.876
448,analysis_comments_Tq60c_SaExc.json.csv,ltZCnYMmVUs,28371,1269,22.357
449,analysis_comments_tQjsAJhsSw8.json.csv,luQ0JWcrsWg,1217265,74664,16.303
450,analysis_comments_tQwVKr8rCYw.json.csv,m8E3Dh-gfhM,43091,575,74.941
451,analysis_comments_TruV0K_lV4c.json.csv,mIxlvVlOIS0,2300591,66267,34.717
452,analysis_comments_ttWQK5VXskA.json.csv,mLugzKRTf-0,2045248,80573,25.384
453,analysis_comments_TxdwvrawHuo.json.csv,mUlFZKFOFiM,157332,4981,31.586
454,analysis_comments_t_jHrUE5IOk.json.csv,mUngYa0rnig,78022,3110,25.087
455,analysis_comments_U4xPahDjY6k.json.csv,mWRsgZuwf_8,7140075,142358,50.156
456,analysis_comments_U4_IiCusOOc.json.csv,mwHBdTqJd2g,49831,995,50.081
457,analysis_comments_u7zcSHgKNLY.json.csv,mwWPnXhWKjA,81068,7563,10.719
458,analysis_comments_UceaB4D0jpo.json.csv,mwatzFa-2I0,105595,2873,36.754
459,analysis_comments_Ud0O9bF_tCc.json.csv,mwg299-9FMc,262844,3366,78.088
460,analysis_comments_uDAjINEp8H8.json.csv,nDP9sOUI6ps,42598,229,186.017
461,analysis_comments_Udpjen4ON_8.json.csv,nJHYDkvRB2Y,311303,14467,21.518
462,analysis_comments_ueaGjpweu38.json.csv,nSDgHBxUbVQ,6268986,169914,36.895
463,analysis_comments_UoweBBAiXUM.json.csv,nfWlot6h_JM,11607866,1081265,10.735
464,analysis_comments_uT3pPfdDrNs.json.csv,nikm4zpKCPM,110314,15729,7.013
465,analysis_comments_ut4ZS7DE02s.json.csv,o-0ygW-B_gI,545233,19189,28.414
466,analysis_comments_UTHLKHL_whs.json.csv,oKmJgeo7OLU,60808,1821,33.393
467,analysis_comments_uu3IBPlWq7I.json.csv,oPPO_wqlG9Q,298148,2946,101.204
468,analysis_comments_UXAdlaUhrlE.json.csv,oRdxUFDoQe0,5782122,180774,31.985
469,analysis_comments_UYwF-jdcVjY.json.csv,omVvuL0lOes,40749,1249,32.625
470,analysis_comments_V-hwrOcuXOM.json.csv,orJSJGHjBLI,3655372,145083,25.195
471,analysis_comments_v-sJ106h1dU.json.csv,osTJc5e1Cyo,1720030,66348,25.924
472,analysis_comments_V1Pl8CzNzCw.json.csv,ow1QqW0jzTo,1255177,57293,21.908
473,analysis_comments_V2hlQkVJZhE.json.csv,oyEuk8j8imI,7807471,520443,15.002
474,analysis_comments_v3xwCkhmies.json.csv,p5rQDKoBd6U,34994,290,120.669
475,analysis_comments_V5M2WZiAy6k.json.csv,pBOU8eKYnEM,1425630,14907,95.635
476,analysis_comments_vb8wloc4Xpw.json.csv,pBuZEGYXA6E,19247161,900200,21.381
477,analysis_comments_viimfQi_pUw.json.csv,pK060iUFWXg,5545502,291893,18.998
478,analysis_comments_vMLk_T0PPbk.json.csv,pQCGBEdx8xQ,313209,8923,35.101
479,analysis_comments_vPwaXytZcgI.json.csv,pTdjcLlElD4,298431,3339,89.377
480,analysis_comments_VqEbCxg2bNI.json.csv,pbMwTqkKSps,12416450,390410,31.804
481,analysis_comments_VronettmNRI.json.csv,pekzpzNCNDQ,708641,10757,65.877
482,analysis_comments_vRXZj0DzXIA.json.csv,pqh4LfPeCYs,187915,1472,127.66
483,analysis_comments_vuDwCJN5UZU.json.csv,q0hyYWKXF0Q,14253236,908335,15.692
484,analysis_comments_VuNIsY6JdUw.json.csv,qLBXcgdW7U8,87869,2099,41.862
485,analysis_comments_vwnpFEh6DDI.json.csv,qSPoWWOzIv8,862945,30204,28.571
486,analysis_comments_VZOBjI-Vm8w.json.csv,qZRPXM3iF3g,42678,1622,26.312
487,analysis_comments_W0DM5lcj6mw.json.csv,qclWIFxq2F4,175688,14808,11.864
488,analysis_comments_w2Ov5jzm3j8.json.csv,qdpXxGPqW-Y,1923840,49506,38.861
489,analysis_comments_w4wdTdvM0dg.json.csv,qleJpzB4q7A,852615,12277,69.448
490,analysis_comments_WA4iX5D9Z64.json.csv,qov0ypksviU,1842844,215836,8.538
491,analysis_comments_WAcnWtZjDWE.json.csv,qz2vodkoj7I,845310,24421,34.614
492,analysis_comments_WEC4iwfN9zA.json.csv,qzRIc14LC9U,336154,2741,122.639
493,analysis_comments_weeI1G46q0o.json.csv,r7qovpFAGrQ,10737688,335258,32.028
494,analysis_comments_wfWkmURBNv8.json.csv,rBNst8_bpUc,136173,6571,20.723
495,analysis_comments_WG0WP6jgESs.json.csv,rSWHCZoX2mE,100923,4610,21.892
496,analysis_comments_whhXbtJgD_g.json.csv,r_0JjYUe5jo,8642920,173540,49.804
497,analysis_comments_whwe0KD_rGw.json.csv,rnMIWj_t3Ow,306950,7008,43.8
498,analysis_comments_wI5zWSDiF3s.json.csv,s4BAizuD7Tc,1436080,29699,48.354
499,analysis_comments_WJN3AKboLuA.json.csv,sJXZ9Dok7u8,1896435,46873,40.459
500,analysis_comments_wJnBTPUQS5A.json.csv,sOnqjkJTMaA,5940351,305275,19.459
501,analysis_comments_WkgHkrM9fo0.json.csv,sPopc47bshY,211574,9861,21.456
502,analysis_comments_wMpqCRF7TKg.json.csv,s_eViPLUngU,280327,11446,24.491
503,analysis_comments_WMweEpGlu_U.json.csv,sdAOoB5ML0Q,781014,15419,50.653
504,analysis_comments_wocKR3WDgAk.json.csv,ss9ygQqqL2Q,2060882,31292,65.86
505,analysis_comments_ws00k_lIQ9U.json.csv,ssq6X6alZ3w,2605114,66133,39.392
506,analysis_comments_wwc3Wwj_6KI.json.csv,ssvrReWSQpk,234333,13458,17.412
507,analysis_comments_WWCsGEarExg.json.csv,szCubxWdckw,590311,59650,9.896
508,analysis_comments_wX8W4x2j_0s.json.csv,t2QL85K6eZU,107936,5055,21.352
509,analysis_comments_wXhTHyIgQ_U.json.csv,t99KH0TR-J4,1435738,33092,43.386
510,analysis_comments_wYZux3BMc5k.json.csv,tASwv-tkMlc,35026,165,212.279
511,analysis_comments_x0N2kRv4Vfs.json.csv,tCXGJQYZ9JA,4097881,221156,18.529
512,analysis_comments_x34H5sk75XQ.json.csv,tQ0yjYUFKAE,7068105,208467,33.905
513,analysis_comments_X8sSXU-J8fI.json.csv,tQjsAJhsSw8,2214691,87335,25.359
514,analysis_comments_XA2YEHn-A8Q.json.csv,tQwVKr8rCYw,1729131,55271,31.285
515,analysis_comments_XAi3VTSdTxU.json.csv,t_jHrUE5IOk,6237279,658814,9.467
516,analysis_comments_XbGs_qK2PQA.json.csv,tcYodQoapMg,7761030,166243,46.685
517,analysis_comments_XBWyE1v8--I.json.csv,tcrTQUVkUe0,956324,27715,34.506
518,analysis_comments_XcZX89Z0nVA.json.csv,tollGa3S0o8,4078577,30912,131.942
519,analysis_comments_XekMkIJ843w.json.csv,ttWQK5VXskA,787753,25949,30.358
520,analysis_comments_Xk0wdDTTPA0.json.csv,u7zcSHgKNLY,64249,4500,14.278
521,analysis_comments_XKDciUz-DpE.json.csv,uDAjINEp8H8,485198,11705,41.452
522,analysis_comments_xPQLcWV8lxU.json.csv,uT3pPfdDrNs,40139,8325,4.822
523,analysis_comments_xQOO2xGQ1Pc.json.csv,ueaGjpweu38,80285,219,366.598
524,analysis_comments_XsX3ATc3FbA.json.csv,ut4ZS7DE02s,200974,900,223.304
525,analysis_comments_xsZ9hpMgLvA.json.csv,uu3IBPlWq7I,33933,358,94.785
526,analysis_comments_Y2E71oe0aSM.json.csv,v-sJ106h1dU,929872,43048,21.601
527,analysis_comments_Y2NkuFIlLEo.json.csv,v3xwCkhmies,1206023,26623,45.3
528,analysis_comments_Y5WMMFQUP4I.json.csv,vMLk_T0PPbk,5109707,305071,16.749
529,analysis_comments_yduLp7emdX8.json.csv,vPwaXytZcgI,2870230,48472,59.214
530,analysis_comments_yDv0WSgXJVg.json.csv,vRXZj0DzXIA,18557621,1296291,14.316
531,analysis_comments_YiTMyu-r_Ko.json.csv,vb8wloc4Xpw,2257636,169494,13.32
532,analysis_comments_YM3uJ6RtBZM.json.csv,viimfQi_pUw,5437431,84166,64.604
533,analysis_comments_ynqibTQqlaY.json.csv,vuDwCJN5UZU,15000,217,69.124
534,analysis_comments_ytQ5CYE1VZw.json.csv,vwnpFEh6DDI,315993,9828,32.152
535,analysis_comments_yUi_S6YWjZw.json.csv,w2Ov5jzm3j8,12600226,417293,30.195
536,analysis_comments_YVkUvmDQ3HY.json.csv,w4wdTdvM0dg,73537,4218,17.434
537,analysis_comments_yybUX3f9J18.json.csv,wI5zWSDiF3s,88078,805,109.414
538,analysis_comments_Z19DRZahG8c.json.csv,wJnBTPUQS5A,8735435,208579,41.881
539,analysis_comments_Z3w5gVM_4y8.json.csv,wMpqCRF7TKg,437837,4418,99.103
540,analysis_comments_Z7l2Q25y0vU.json.csv,wX8W4x2j_0s,29613,898,32.977
541,analysis_comments_Z9b0Hj-BfaM.json.csv,wXhTHyIgQ_U,4387562,102689,42.727
542,analysis_comments_zAWsoFk2yVw.json.csv,wYZux3BMc5k,2442244,111009,22.0
543,analysis_comments_ZcmoBlURJB4.json.csv,weeI1G46q0o,9851319,744990,13.223
544,analysis_comments_ZCqG45PtfkE.json.csv,wfWkmURBNv8,5373256,513830,10.457
545,analysis_comments_zea8Xc54tWc.json.csv,whhXbtJgD_g,178126,5277,33.755
546,analysis_comments_Zi_XLOBDo_Y.json.csv,whwe0KD_rGw,1907710,143361,13.307
547,analysis_comments_ZJ4Qp1ietPc.json.csv,wocKR3WDgAk,15693,252,62.274
548,analysis_comments_zLpVBsvcrAg.json.csv,ws00k_lIQ9U,5392813,349321,15.438
549,analysis_comments_ZnO8FHBdBC0.json.csv,wwc3Wwj_6KI,219171,23812,9.204
550,analysis_comments_zOhDt1kin5o.json.csv,x0N2kRv4Vfs,84904,9975,8.512
551,analysis_comments_zoYgCg6i9C8.json.csv,x34H5sk75XQ,156785,4262,36.787
552,analysis_comments_zrJtFy51fRo.json.csv,xPQLcWV8lxU,177532,13734,12.926
553,analysis_comments_zrwTYozyzYA.json.csv,xQOO2xGQ1Pc,4046883,64571,62.673
554,analysis_comments_ZSgVayPHuB8.json.csv,xsZ9hpMgLvA,193050,599,322.287
555,analysis_comments_zSq6Jk-sFFs.json.csv,yDv0WSgXJVg,333380,15221,21.903
556,analysis_comments_ZXmjhRkPVFc.json.csv,yUi_S6YWjZw,1220666,33543,36.391
557,analysis_comments_Z_MvkyuOJgk.json.csv,yduLp7emdX8,10682,5143,2.077
558,analysis_comments__8cDGfrMh0o.json.csv,ynqibTQqlaY,119816,6736,17.787
559,analysis_comments__ae5Ap77b7k.json.csv,ytQ5CYE1VZw,5157026,199662,25.829
560,analysis_comments__ce7WX4l55A.json.csv,yybUX3f9J18,288578,40404,7.142
561,analysis_comments__EjtVzK5UFY.json.csv,zAWsoFk2yVw,4275329,215114,19.875
562,analysis_comments__JOnM3jmY0o.json.csv,zLpVBsvcrAg,231764,2543,91.138
563,analysis_comments__Jtpf8N5IDE.json.csv,zOhDt1kin5o,292412,10048,29.102
564,analysis_comments__KVZRCyEfnw.json.csv,zSq6Jk-sFFs,34237,1633,20.966
565,analysis_comments__pHTDbhutlY.json.csv,zea8Xc54tWc,84079,2018,41.665
566,analysis_comments__wNsZEqpKUA.json.csv,zoYgCg6i9C8,312277,25695,12.153
567,analysis_comments__wtKe9Fq-eQ.json.csv,zrJtFy51fRo,189237,7177,26.367
568,analysis_comments__Yhyp-_hX2s.json.csv,zrwTYozyzYA,277879,4570,60.805
