URL,likes,dislikes
https://www.youtube.com/watch?v=feLcMaiClOw,312761,19093
https://www.youtube.com/watch?v=tASwv-tkMlc,35026,165
https://www.youtube.com/watch?v=3U2dNKBM28o,126427,6010
https://www.youtube.com/watch?v=1cPDfXU95Xw,23783,18
https://www.youtube.com/watch?v=pptIU_ZLlOo,4600,7
https://www.youtube.com/watch?v=ClQ-ymoXJZc,1079676,8874
https://www.youtube.com/watch?v=8EJ3zbKTWQ8,11371069,1420624
https://www.youtube.com/watch?v=t99KH0TR-J4,1435738,33092
https://www.youtube.com/watch?v=DovdIspaqmw,146007,5324
https://www.youtube.com/watch?v=DQQRjFzB8gY,870202,49922
https://www.youtube.com/watch?v=8DytqFTwNSc,88001,2068
https://www.youtube.com/watch?v=lLwv8yeiLlQ,7578,19
https://www.youtube.com/watch?v=K8hG2IcFlKs,21370,26
https://www.youtube.com/watch?v=R997tBFtJqQ,16162,2505
https://www.youtube.com/watch?v=QYwMqXRjPUs,11430,1073
https://www.youtube.com/watch?v=bhIoyeP9PqQ,5254,29
https://www.youtube.com/watch?v=2cyzCReoNgU,78842,819
https://www.youtube.com/watch?v=ZiACjuZI5F8,687,7
https://www.youtube.com/watch?v=VronettmNRI,496684,3395
https://www.youtube.com/watch?v=Gj05VfDZKMY,2948,25
https://www.youtube.com/watch?v=2Vv-BfVoq4g,17602337,623794
https://www.youtube.com/watch?v=p5rQDKoBd6U,34994,290
https://www.youtube.com/watch?v=BPI0AvnSfmw,6041,13
https://www.youtube.com/watch?v=7MHlhHaLcTA,370369,2103
https://www.youtube.com/watch?v=Tq60c_SaExc,1898763,95220
https://www.youtube.com/watch?v=Pkh8UtuejGw,18983629,567343
https://www.youtube.com/watch?v=pivktB6BFuw,49881,20850
https://www.youtube.com/watch?v=J1mAMtJ9T4s,20270,2
https://www.youtube.com/watch?v=2S24-y0Ij3Y,22533352,1301441
https://www.youtube.com/watch?v=BHgiO1zCxNU,55529,6934
https://www.youtube.com/watch?v=t3JWUdexgtk,7365,3303
https://www.youtube.com/watch?v=Z9b0Hj-BfaM,931130,15874
https://www.youtube.com/watch?v=TxdwvrawHuo,761030,27488
https://www.youtube.com/watch?v=viimfQi_pUw,5437431,84166
https://www.youtube.com/watch?v=OSUxrSe5GbI,7308006,374269
https://www.youtube.com/watch?v=5kHq6hqgROc,452710,23499
https://www.youtube.com/watch?v=gys9oDZj-MY,798335,5550
https://www.youtube.com/watch?v=KCFMj7LBXG8,2930,200
https://www.youtube.com/watch?v=BBAyRBTfsOU,11631042,933874
https://www.youtube.com/watch?v=o5KEvEIsfQY,17235,227
https://www.youtube.com/watch?v=Ve_QAHEGR-8,3148,13
https://www.youtube.com/watch?v=fJ9rUzIMcZQ,10501508,329091
https://www.youtube.com/watch?v=PGJ43zaam_0,2609898,80282
https://www.youtube.com/watch?v=TO-_3tck2tg,419501,5304
https://www.youtube.com/watch?v=5ula1NjaHUA,37644,752
https://www.youtube.com/watch?v=mWRsgZuwf_8,7140075,142358
https://www.youtube.com/watch?v=Q4a9uwV4nmo,581181,55354
https://www.youtube.com/watch?v=jaGEaqkshSw,136,1
https://www.youtube.com/watch?v=4j725wScY0E,3190841,118715
https://www.youtube.com/watch?v=RDpkbnuQEL0,2627,88
https://www.youtube.com/watch?v=OR8VmfO6tk4,2945,267
https://www.youtube.com/watch?v=OpD2c4Tu544,106224,1944
https://www.youtube.com/watch?v=pqh4LfPeCYs,187915,1472
https://www.youtube.com/watch?v=QbKw66Tmons,152,9
https://www.youtube.com/watch?v=QNJL6nfu__Q,7597883,233081
https://www.youtube.com/watch?v=wwc3Wwj_6KI,219171,23812
https://www.youtube.com/watch?v=YAiva76ogC0,4091,207
https://www.youtube.com/watch?v=pdVH_fQRjiM,15362,240
https://www.youtube.com/watch?v=Amq-qlqbjYA,11776118,456709
https://www.youtube.com/watch?v=CM4CkVFmTds,5969357,151359
https://www.youtube.com/watch?v=vuDwCJN5UZU,15000,217
https://www.youtube.com/watch?v=8EFalFXALEA,1832028,94850
https://www.youtube.com/watch?v=_ae5Ap77b7k,648543,30214
https://www.youtube.com/watch?v=ytQ5CYE1VZw,5157026,199662
https://www.youtube.com/watch?v=xHwB2Gn3Zz0,8143,406
https://www.youtube.com/watch?v=Z3w5gVM_4y8,1104160,34062
https://www.youtube.com/watch?v=qXcMNBQnQMM,688995,437678
https://www.youtube.com/watch?v=WJN3AKboLuA,30917,1318
https://www.youtube.com/watch?v=m8Xt0yXaDPU,100095,2931
https://www.youtube.com/watch?v=sQR45_U4W14,11500,583
https://www.youtube.com/watch?v=JyKfmLkq3BU,2917,19
https://www.youtube.com/watch?v=gVbB7DCgfZs,71714,2157
https://www.youtube.com/watch?v=0bLeqiVXkr8,3242,736
https://www.youtube.com/watch?v=GAfOf26DuGk,1732943,211068
https://www.youtube.com/watch?v=8CdcCD5V-d8,9400751,250283
https://www.youtube.com/watch?v=8xg3vE8Ie_E,4268122,115995
https://www.youtube.com/watch?v=7spMIjapiF8,749,3
https://www.youtube.com/watch?v=c8ztudg6N3k,80787,2283
https://www.youtube.com/watch?v=whwe0KD_rGw,1907710,143361
https://www.youtube.com/watch?v=3R0AlwgcyDE,133166,1491
https://www.youtube.com/watch?v=TDVlDUAIz5k,75450,1148
https://www.youtube.com/watch?v=B96Jmhm2VEw,63463,5577
https://www.youtube.com/watch?v=gADgM89skZQ,1280114,80049
https://www.youtube.com/watch?v=a4-uIJJPrG4,147708,2904
https://www.youtube.com/watch?v=anfOF0KP4JE,340021,16213
https://www.youtube.com/watch?v=Mu2KCt7f0Z8,5834,53
https://www.youtube.com/watch?v=JdqpASZ_b0w,1158,57
https://www.youtube.com/watch?v=_JOnM3jmY0o,3394691,187901
https://www.youtube.com/watch?v=D9LgWgXDQTw,6475,4
https://www.youtube.com/watch?v=Il0S8BoucSA,1804084,49918
https://www.youtube.com/watch?v=RC37n6Fk3RE,30482,548
https://www.youtube.com/watch?v=ZRHfyOwuSTQ,17170,5422
https://www.youtube.com/watch?v=FZNqsCbx1_E,31785,5503
https://www.youtube.com/watch?v=E0zLBQaqFMc,2116,18
https://www.youtube.com/watch?v=mwWPnXhWKjA,81068,7563
https://www.youtube.com/watch?v=L9pYLymdo2o,2621,22
https://www.youtube.com/watch?v=pfOOPtjDP6M,2542,23
https://www.youtube.com/watch?v=FxQTY-W6GIo,6227141,202482
https://www.youtube.com/watch?v=crPE6f2xCC8,1258,8
https://www.youtube.com/watch?v=C3y6jGCXiUA,185087,4765
https://www.youtube.com/watch?v=YM3uJ6RtBZM,238410,1500
https://www.youtube.com/watch?v=qz2vodkoj7I,845310,24421
https://www.youtube.com/watch?v=JGgnz0-w9TU,244604,8108
https://www.youtube.com/watch?v=qBsXCetqFak,37006,432
https://www.youtube.com/watch?v=gdZLi9oWNZg,33732610,1920181
https://www.youtube.com/watch?v=KYzMn1gjosY,20685,26
https://www.youtube.com/watch?v=qdpXxGPqW-Y,1923840,49506
https://www.youtube.com/watch?v=yUi_S6YWjZw,1220666,33543
https://www.youtube.com/watch?v=NNrSpqCd3D4,3427,420
https://www.youtube.com/watch?v=71Cq2UYKw5E,2900,226
https://www.youtube.com/watch?v=v-sJ106h1dU,929872,43048
https://www.youtube.com/watch?v=EosMazKaPbU,1682744,41285
https://www.youtube.com/watch?v=gwMa6gpoE9I,13454315,344972
https://www.youtube.com/watch?v=lp-EO5I60KA,13715367,574438
https://www.youtube.com/watch?v=lpgxJiTpHrU,15190,9
https://www.youtube.com/watch?v=3CxtK7-XtE0,3867578,187637
https://www.youtube.com/watch?v=jui_hVOwcVw,3242,341
https://www.youtube.com/watch?v=mU8ZXD8aEcA,3155,17
https://www.youtube.com/watch?v=9Am4-osFHGc,24718,8373
https://www.youtube.com/watch?v=rSWHCZoX2mE,100923,4610
https://www.youtube.com/watch?v=Dm9Zf1WYQ_A,3938036,93012
https://www.youtube.com/watch?v=ltZCnYMmVUs,28371,1269
https://www.youtube.com/watch?v=zrwTYozyzYA,277879,4570
https://www.youtube.com/watch?v=4bMOTTJqGgM,27595,14042
https://www.youtube.com/watch?v=xWP5oqEG_yo,912,11
https://www.youtube.com/watch?v=kPg3M4C9N9w,2147268,98087
https://www.youtube.com/watch?v=crgFPl2eaPE,1416843,54035
https://www.youtube.com/watch?v=3Y875ETnZ0w,506,14
https://www.youtube.com/watch?v=IFdls477uPU,6238,10
https://www.youtube.com/watch?v=-8MQVIHTjIQ,2345,300
https://www.youtube.com/watch?v=fVlxtu9tBEg,581,89
https://www.youtube.com/watch?v=6NUnTuzJ5EM,1673,23
https://www.youtube.com/watch?v=TruV0K_lV4c,66463,4
https://www.youtube.com/watch?v=X0996-6EGQQ,5027,130
https://www.youtube.com/watch?v=UeIK3brZM20,27153,14611
https://www.youtube.com/watch?v=PHgc8Q6qTjc,10319993,394288
https://www.youtube.com/watch?v=3X9wEwulYhk,3917122,328464
https://www.youtube.com/watch?v=ut4ZS7DE02s,200974,900
https://www.youtube.com/watch?v=ixkoVwKQaJg,17754723,1017111
https://www.youtube.com/watch?v=dO4dncwDn6U,171138,1652
https://www.youtube.com/watch?v=YVkUvmDQ3HY,9791372,283987
https://www.youtube.com/watch?v=WMweEpGlu_U,21797853,501239
https://www.youtube.com/watch?v=LEESPXcGbgQ,28616,46584
https://www.youtube.com/watch?v=FOMGYHD1kY0,11794,7129
https://www.youtube.com/watch?v=_KVZRCyEfnw,100792,9144
https://www.youtube.com/watch?v=loSuMqwQA38,692618,75289
https://www.youtube.com/watch?v=o-0ygW-B_gI,545233,19189
https://www.youtube.com/watch?v=aHnHwrJjR3U,330035,11010
https://www.youtube.com/watch?v=GxlGpTPFP84,2771,4
https://www.youtube.com/watch?v=cNhXH1etCwM,1782634,95836
https://www.youtube.com/watch?v=kWigaAi0kdE,595862,5104
https://www.youtube.com/watch?v=wX8W4x2j_0s,29613,898
https://www.youtube.com/watch?v=XsX3ATc3FbA,26153913,1372060
https://www.youtube.com/watch?v=RP3-TttQeUk,1279,18
https://www.youtube.com/watch?v=SntSCzTv_ko,186195,16394
https://www.youtube.com/watch?v=-s23GrMq-wA,70369,2800
https://www.youtube.com/watch?v=ba7mB8oueCY,3979248,92216
https://www.youtube.com/watch?v=OU1sjZgavCE,6532,241
https://www.youtube.com/watch?v=qS5FBxzkcXI,2175,74
https://www.youtube.com/watch?v=G_BhUxx-cwk,740355,6772
https://www.youtube.com/watch?v=ueaGjpweu38,80285,219
https://www.youtube.com/watch?v=iMOkUyGnIIs,33814,926
https://www.youtube.com/watch?v=HDyXbkLgmUs,259070,15328
https://www.youtube.com/watch?v=RF78s4nphEY,175823,1671
https://www.youtube.com/watch?v=zZeKkT2x6Zk,13068,801
https://www.youtube.com/watch?v=jnvNoAEncYk,251,6
https://www.youtube.com/watch?v=CHVhwcOg6y8,3776625,733627
https://www.youtube.com/watch?v=k-wuxYN0W2Y,2368,831
https://www.youtube.com/watch?v=5unbAtbxvEM,71222,633
https://www.youtube.com/watch?v=ngIhvgiLAVY,327,0
https://www.youtube.com/watch?v=fUWn6BYrYK8,164717,1669
https://www.youtube.com/watch?v=UYwF-jdcVjY,4039126,90898
https://www.youtube.com/watch?v=w4wdTdvM0dg,73537,4218
https://www.youtube.com/watch?v=q9yLyMhh9GA,6499,336
https://www.youtube.com/watch?v=SLsTskih7_I,5085209,282601
https://www.youtube.com/watch?v=VDRSRrytyx8,4015,29
https://www.youtube.com/watch?v=LH4Y1ZUUx2g,6066787,250092
https://www.youtube.com/watch?v=rMSQwIp4Jg8,74085,3152
https://www.youtube.com/watch?v=bwmSjveL3Lc,14175364,661171
https://www.youtube.com/watch?v=gm3-m2CFVWM,181583,7303
https://www.youtube.com/watch?v=LheMLyG82g0,742,243
https://www.youtube.com/watch?v=GmHrjFIWl6U,5493713,533561
https://www.youtube.com/watch?v=fUN2dGKxHFU,1714443,61605
https://www.youtube.com/watch?v=zjIK4b3i6Rg,174,1
https://www.youtube.com/watch?v=jjW-0I4m2z0,119578,1748
https://www.youtube.com/watch?v=rBNst8_bpUc,136173,6571
https://www.youtube.com/watch?v=OAUBJVyvIYI,334266,78357
https://www.youtube.com/watch?v=CRYJshFLnAU,24759,7
https://www.youtube.com/watch?v=8n-EoUv_qTc,385222,22641
https://www.youtube.com/watch?v=yyJ_HXJLSzw,13756,243
https://www.youtube.com/watch?v=DWp2V9Spuug,20095,2430
https://www.youtube.com/watch?v=NPpELzyP4rw,6186858,218712
https://www.youtube.com/watch?v=Pi6EdtK0lq8,15119,464
https://www.youtube.com/watch?v=M2ycb9NJ04M,1738,21
https://www.youtube.com/watch?v=IL8NAaCFRXA,714,7
https://www.youtube.com/watch?v=tQ0yjYUFKAE,7068105,208467
https://www.youtube.com/watch?v=o18ToVy9Xsc,2728,74
https://www.youtube.com/watch?v=NgDb0fRCblo,83938,28365
https://www.youtube.com/watch?v=RljdPIfnp0U,1484755,51566
https://www.youtube.com/watch?v=YiTMyu-r_Ko,732784,8375
https://www.youtube.com/watch?v=qgwR0h-3nUE,565,14
https://www.youtube.com/watch?v=BDc6I6NwR8s,2914,24
https://www.youtube.com/watch?v=r_0JjYUe5jo,8642920,173540
https://www.youtube.com/watch?v=wMpqCRF7TKg,437837,4418
https://www.youtube.com/watch?v=L40EFeYQmv8,88843,388
https://www.youtube.com/watch?v=IhugmviyP1g,59434,1584
https://www.youtube.com/watch?v=dFp_b5DPIIo,1009940,35638
https://www.youtube.com/watch?v=iVXVYsCSWd8,20979,57
https://www.youtube.com/watch?v=XcZX89Z0nVA,117768,4437
https://www.youtube.com/watch?v=4iQxG8ZjYO8,2100324,69639
https://www.youtube.com/watch?v=HXO0d0vOyFE,14156,3314
https://www.youtube.com/watch?v=SyMmSAAAXxg,14159,1969
https://www.youtube.com/watch?v=mwatzFa-2I0,105595,2873
https://www.youtube.com/watch?v=4UDaT5LVnmI,87396,5171
https://www.youtube.com/watch?v=2sn45qRAEzE,309592,3332
https://www.youtube.com/watch?v=Udpjen4ON_8,22825,174
https://www.youtube.com/watch?v=8rZLnz-oo_c,36596,782
https://www.youtube.com/watch?v=s4BAizuD7Tc,1436080,29699
https://www.youtube.com/watch?v=NeRZ_tdD8KM,2634312,110510
https://www.youtube.com/watch?v=Hr85jpejdLc,86534,18911
https://www.youtube.com/watch?v=awJOVMPBGKA,5406,100
https://www.youtube.com/watch?v=wJnBTPUQS5A,8735435,208579
https://www.youtube.com/watch?v=CjAHVcloVAo,36207,1695
https://www.youtube.com/watch?v=gOsM-DYAEhY,5038382,139211
https://www.youtube.com/watch?v=_pHTDbhutlY,171751,1118
https://www.youtube.com/watch?v=LsD6Upm_tyU,2749,213
https://www.youtube.com/watch?v=Ah5MYGQBYRo,2475426,58505
https://www.youtube.com/watch?v=ReuPNwUNjVk,739,4
https://www.youtube.com/watch?v=toH0KvauzQk,2858,14
https://www.youtube.com/watch?v=lmpCR1tlYIY,22575,10261
https://www.youtube.com/watch?v=XAi3VTSdTxU,3598114,77276
https://www.youtube.com/watch?v=kTlv5_Bs8aw,18338298,426904
https://www.youtube.com/watch?v=kHLHSlExFis,5073515,477994
https://www.youtube.com/watch?v=_wtKe9Fq-eQ,209223,1114
https://www.youtube.com/watch?v=s7bbT_YkDIg,717,15
https://www.youtube.com/watch?v=3qHhGmiAQoY,49445,6139
https://www.youtube.com/watch?v=cW0jVkWAmOA,192405,7880
https://www.youtube.com/watch?v=sPopc47bshY,211574,9861
https://www.youtube.com/watch?v=qclWIFxq2F4,175688,14808
https://www.youtube.com/watch?v=j8z7UjET1Is,6415734,4352240
https://www.youtube.com/watch?v=uT3pPfdDrNs,40139,8325
https://www.youtube.com/watch?v=4CUBsRtnjFs,2437,24
https://www.youtube.com/watch?v=60ItHLz5WEA,25188144,661262
https://www.youtube.com/watch?v=yDv0WSgXJVg,333380,15221
https://www.youtube.com/watch?v=72UO0v5ESUo,6076093,598045
https://www.youtube.com/watch?v=WRhu7TQqj0g,9840,20
https://www.youtube.com/watch?v=oQbY2rsnsTk,12957,887
https://www.youtube.com/watch?v=Z19DRZahG8c,45901,1782
https://www.youtube.com/watch?v=nJHYDkvRB2Y,311303,14467
https://www.youtube.com/watch?v=020g-0hhCAU,5332293,3747005
https://www.youtube.com/watch?v=ven84VuUD9w,279,1
https://www.youtube.com/watch?v=k8otG7pjZ50,33535,431
https://www.youtube.com/watch?v=zvgzhU2B8B8,32442,1024
https://www.youtube.com/watch?v=ssq6X6alZ3w,2605114,66133
https://www.youtube.com/watch?v=Jb2stN7kH28,737262,24824
https://www.youtube.com/watch?v=MPbUaIZAaeA,3949659,73920
https://www.youtube.com/watch?v=r1eBTbkNolg,306,3
https://www.youtube.com/watch?v=MzzLsvB6oas,97303,2227
https://www.youtube.com/watch?v=7JmprpRIsEY,293350,14897
https://www.youtube.com/watch?v=86kKFYmAMxA,564529,44449
https://www.youtube.com/watch?v=mIxlvVlOIS0,2300591,66267
https://www.youtube.com/watch?v=RgzLnmTaCAU,3041408,296630
https://www.youtube.com/watch?v=Z7l2Q25y0vU,117528,8752
https://www.youtube.com/watch?v=cwub1m1pg0c,349746,33011
https://www.youtube.com/watch?v=MAjTgdzHC2s,12190,944
https://www.youtube.com/watch?v=Q9Vjvz1NPN8,3892243,48067
https://www.youtube.com/watch?v=99bGsbcKQZ0,15514,1773
https://www.youtube.com/watch?v=mLugzKRTf-0,2045248,80573
https://www.youtube.com/watch?v=UoweBBAiXUM,52693,964
https://www.youtube.com/watch?v=g8545eNAGSo,7761,588
https://www.youtube.com/watch?v=x0N2kRv4Vfs,84904,9975
https://www.youtube.com/watch?v=QzcPBlSpVsY,118,1
https://www.youtube.com/watch?v=nmhE3qdH6sM,1851,14
https://www.youtube.com/watch?v=t3IyUATcAbE,11542,1171
https://www.youtube.com/watch?v=b2Tk7s3yS2E,3055,229
https://www.youtube.com/watch?v=adsJy2abKs0,14281,0
https://www.youtube.com/watch?v=ZJ4Qp1ietPc,2519306,33734
https://www.youtube.com/watch?v=n5-vWxqMSeo,3218,28
https://www.youtube.com/watch?v=j5-yKhDd64s,10751371,280129
https://www.youtube.com/watch?v=Hc-BnDRrh7U,4406,205
https://www.youtube.com/watch?v=kaUHURLiDkc,1545,23
https://www.youtube.com/watch?v=ZSgVayPHuB8,295047,20082
https://www.youtube.com/watch?v=f7xYhYFi5aM,128931,3386
https://www.youtube.com/watch?v=1ekZEVeXwek,5042511,180984
https://www.youtube.com/watch?v=A8KQhwmdZIw,1829705,9811
https://www.youtube.com/watch?v=nfWlot6h_JM,11607866,1081265
https://www.youtube.com/watch?v=V2hlQkVJZhE,4993346,364898
https://www.youtube.com/watch?v=NzkhFcZogc0,19368,338
https://www.youtube.com/watch?v=RdSJgNdkTxE,2285,276
https://www.youtube.com/watch?v=HgzGwKwLmgM,4886007,106230
https://www.youtube.com/watch?v=nDP9sOUI6ps,42598,229
https://www.youtube.com/watch?v=KIaYUQZXomQ,1380,48
https://www.youtube.com/watch?v=8shw4dd65TU,1124,118
https://www.youtube.com/watch?v=CuklIb9d3fI,16340693,301076
https://www.youtube.com/watch?v=DNB9IC0UXto,513588,23788
https://www.youtube.com/watch?v=ZcmoBlURJB4,732677,35567
https://www.youtube.com/watch?v=ItsENDU78rs,30510,236
https://www.youtube.com/watch?v=gJhflBAwclA,92612,2823
https://www.youtube.com/watch?v=gw1Es8tT5KI,90645,1866
https://www.youtube.com/watch?v=hR_ZO1R6fVA,1989,208
https://www.youtube.com/watch?v=zJhdqKEViMk,9506,12
https://www.youtube.com/watch?v=awkkyBH2zEo,15638655,276751
https://www.youtube.com/watch?v=Sd4SJVsTulc,822729,24418
https://www.youtube.com/watch?v=3pgWNs7lay0,197041,6577
https://www.youtube.com/watch?v=bxnYFOixIoc,170770,20336
https://www.youtube.com/watch?v=ElF_Cc88FUo,339,6
https://www.youtube.com/watch?v=7wtfhZwyrcc,19258995,567618
https://www.youtube.com/watch?v=1__CAdTJ5JU,2332024,126438
https://www.youtube.com/watch?v=bibIWBTD_tE,375496,13978
https://www.youtube.com/watch?v=ZOPduDvmWRc,43495,843
https://www.youtube.com/watch?v=cFMRYTjh5nA,959,9
https://www.youtube.com/watch?v=Q2S7CDuBTOc,1338381,48939
https://www.youtube.com/watch?v=cyW2ajAVyfA,1350496,27671
https://www.youtube.com/watch?v=5PF10UBKPGI,235899,103929
https://www.youtube.com/watch?v=ftMnmPC82qM,1218413,52747
https://www.youtube.com/watch?v=kPhpHvnnn0Q,696355,14664
https://www.youtube.com/watch?v=4GuqB1BQVr4,5506389,1080204
https://www.youtube.com/watch?v=uortuhggJ8Q,7861,152
https://www.youtube.com/watch?v=vPwaXytZcgI,2870230,48472
https://www.youtube.com/watch?v=k6ZoE4RrcDs,411422,10271
https://www.youtube.com/watch?v=TpHY1Oi068g,56394,1603
https://www.youtube.com/watch?v=k4eeXD5C2Ro,689,10
https://www.youtube.com/watch?v=wfWkmURBNv8,5373256,513830
https://www.youtube.com/watch?v=CQAT5qdG8tI,574158,27044
https://www.youtube.com/watch?v=F6SBvnl8i3M,44337,498
https://www.youtube.com/watch?v=Lf2UNF4cYhg,230069,15382
https://www.youtube.com/watch?v=M7Qg5H0luo0,71723,2652
https://www.youtube.com/watch?v=babmy7y0qBA,15304,2035
https://www.youtube.com/watch?v=mwHBdTqJd2g,49831,995
https://www.youtube.com/watch?v=0HDdjwpPM3Y,10076469,452107
https://www.youtube.com/watch?v=DK_0jXPuIr0,10027986,1189437
https://www.youtube.com/watch?v=eDJXLXzdgkw,18306,10883
https://www.youtube.com/watch?v=_Jtpf8N5IDE,886495,18109
https://www.youtube.com/watch?v=FIkoxCo46nQ,6082,261
https://www.youtube.com/watch?v=pjidycIywYk,4389,337
https://www.youtube.com/watch?v=9WbCfHutDSE,4921960,179187
https://www.youtube.com/watch?v=aeSb1bbqFZM,1287,97
https://www.youtube.com/watch?v=dr_GAJZviR0,306287,11825
https://www.youtube.com/watch?v=GXhzO7p_dQo,780,13
https://www.youtube.com/watch?v=0CWFO8cMxO4,29371,393
https://www.youtube.com/watch?v=7bXWtXxLzlk,185131,1392
https://www.youtube.com/watch?v=sJXZ9Dok7u8,1896435,46873
https://www.youtube.com/watch?v=Dzb-7NekGPE,707,9
https://www.youtube.com/watch?v=mwg299-9FMc,262844,3366
https://www.youtube.com/watch?v=Fdc446yiT-4,67206,2601
https://www.youtube.com/watch?v=7Gs9zvu5FyE,153737,519
https://www.youtube.com/watch?v=pK060iUFWXg,5545502,291893
https://www.youtube.com/watch?v=weeI1G46q0o,9851319,744990
https://www.youtube.com/watch?v=3f2X_gIJ_u4,114780,4068
https://www.youtube.com/watch?v=DjL9di-UIYc,1376427,21338
https://www.youtube.com/watch?v=binE0CCQgTo,118520,3142
https://www.youtube.com/watch?v=KnyGqZgTU2A,64407,4918
https://www.youtube.com/watch?v=UjbQfsFLrME,2230,3
https://www.youtube.com/watch?v=Jn1Uwsg3eRQ,257613,6532
https://www.youtube.com/watch?v=FiXCxfWWwPo,456670,90850
https://www.youtube.com/watch?v=bheqvt6Z8S8,939,29
https://www.youtube.com/watch?v=-fWXLAkHmxA,196533,1474
https://www.youtube.com/watch?v=PqlY50HGEMQ,13577,161
https://www.youtube.com/watch?v=E5MHEf5USUM,172554,941
https://www.youtube.com/watch?v=7ysFgElQtjI,5968695,276755
https://www.youtube.com/watch?v=w2Ov5jzm3j8,12600226,417293
https://www.youtube.com/watch?v=CTPJMoSQMOs,6340,39
https://www.youtube.com/watch?v=mUlFZKFOFiM,157332,4981
https://www.youtube.com/watch?v=W9bNipC2oQw,19014,907
https://www.youtube.com/watch?v=jzYxbnHHhY4,841344,56666
https://www.youtube.com/watch?v=wXhTHyIgQ_U,4387562,102689
https://www.youtube.com/watch?v=4yOO2sQSrlQ,6861,83
https://www.youtube.com/watch?v=IeaOYZrmrfk,15498,94
https://www.youtube.com/watch?v=S2dRcipMCpw,3301391,165888
https://www.youtube.com/watch?v=Wbk4gZz2weQ,1009452,656816
https://www.youtube.com/watch?v=U4xPahDjY6k,651034,16242
https://www.youtube.com/watch?v=kOHB85vDuow,5671642,257965
https://www.youtube.com/watch?v=N0dbGGvsjf8,225540,3321
https://www.youtube.com/watch?v=yvUGdsjPPGI,12063,2539
https://www.youtube.com/watch?v=NdgPUrf4viw,639,6
https://www.youtube.com/watch?v=qLBXcgdW7U8,87869,2099
https://www.youtube.com/watch?v=du0eiKoaijM,2419,155
https://www.youtube.com/watch?v=L-D1z0yglk0,3831,158
https://www.youtube.com/watch?v=Xk0wdDTTPA0,3152780,185505
https://www.youtube.com/watch?v=8qEf358A_EM,31381,987
https://www.youtube.com/watch?v=7yCDrLDjChY,4695,100
https://www.youtube.com/watch?v=wocKR3WDgAk,15693,252
https://www.youtube.com/watch?v=8rODvcIcOF4,211961,4135
https://www.youtube.com/watch?v=q6qmIBdxOEI,440730,265174
https://www.youtube.com/watch?v=1Wzo3rXQsN8,5285,124
https://www.youtube.com/watch?v=N97saaTR7JE,2104670,39627
https://www.youtube.com/watch?v=ULC_dFUhSFE,5737,4
https://www.youtube.com/watch?v=Xgvrg3joG_8,4654,111
https://www.youtube.com/watch?v=lJ9uEH84S9E,2880,4
https://www.youtube.com/watch?v=34u9lJWBLMc,207457,2939
https://www.youtube.com/watch?v=aGcmisuPCVw,1680,15
https://www.youtube.com/watch?v=i5_7cNkNnrc,9339,256
https://www.youtube.com/watch?v=FA2j9qlFyDU,57723,428
https://www.youtube.com/watch?v=zea8Xc54tWc,84079,2018
https://www.youtube.com/watch?v=YqZt2hXSFhQ,2968,28
https://www.youtube.com/watch?v=QJDPdM01q1g,4935,212
https://www.youtube.com/watch?v=qZRPXM3iF3g,42678,1622
https://www.youtube.com/watch?v=GtSRKwDCaZM,5961587,608317
https://www.youtube.com/watch?v=e3C8Nh3DIwA,157729,5034
https://www.youtube.com/watch?v=j64oZLF443g,559528,2881
https://www.youtube.com/watch?v=kTJczUoc26U,8802247,161132
https://www.youtube.com/watch?v=-tJYN-eG1zk,5014176,136806
https://www.youtube.com/watch?v=Gl6ekgobG2k,444179,59340
https://www.youtube.com/watch?v=d1oHZuF1k2I,94625,5346
https://www.youtube.com/watch?v=xrcegtYND1o,1820,104
https://www.youtube.com/watch?v=ED3xFj-jDI8,940584,134721
https://www.youtube.com/watch?v=oKmJgeo7OLU,60808,1821
https://www.youtube.com/watch?v=Soy4KRaT5Ho,3726,11
https://www.youtube.com/watch?v=kfMq2939UIw,17006,282
https://www.youtube.com/watch?v=IJ-Bjm3I8B8,83833,1963
https://www.youtube.com/watch?v=JSoGsO6n-qU,69266,1244
https://www.youtube.com/watch?v=CnHwWIARI7w,9424,22
https://www.youtube.com/watch?v=iqEdB3OnX9M,2032,51
https://www.youtube.com/watch?v=ffxKSjUwKdU,7993773,338661
https://www.youtube.com/watch?v=4vJBoW4wIeY,29685,1227
https://www.youtube.com/watch?v=LeiFF0gvqcc,2793728,123544
https://www.youtube.com/watch?v=DwmArG9RGr0,2722,60
https://www.youtube.com/watch?v=fpt5e0XHvwE,25528,435
https://www.youtube.com/watch?v=qGAid54wbtE,3118,1382
https://www.youtube.com/watch?v=LXDGPIh7oEw,2834,14
https://www.youtube.com/watch?v=UFFjbGug-uk,44,0
https://www.youtube.com/watch?v=luQ0JWcrsWg,1217265,74664
https://www.youtube.com/watch?v=-Hqp5Mwq3Zs,31247,1265
https://www.youtube.com/watch?v=JIz0-6_mPIE,182089,2599
https://www.youtube.com/watch?v=Am33ejZH0ew,1001,121
https://www.youtube.com/watch?v=c89M7PO0zY8,39248,191
https://www.youtube.com/watch?v=IdneKLhsWOQ,4892927,207315
https://www.youtube.com/watch?v=5GJWxDKyk3A,4743158,76025
https://www.youtube.com/watch?v=iVeo-Ke3Jac,2916,15
https://www.youtube.com/watch?v=UTHLKHL_whs,8005853,771361
https://www.youtube.com/watch?v=AX-J0jFNjFY,946,45
https://www.youtube.com/watch?v=HDEC9cwdxGg,132848,1611
https://www.youtube.com/watch?v=tnj17sXKW5s,524571,330089
https://www.youtube.com/watch?v=XekMkIJ843w,184467,4283
https://www.youtube.com/watch?v=K7wmk7U4BhQ,224044,3842
https://www.youtube.com/watch?v=QD9HVyF3EEI,108244,1590
https://www.youtube.com/watch?v=1-xGerv5FOk,10563886,231982
https://www.youtube.com/watch?v=sx1GCSbMNEs,19427,12
https://www.youtube.com/watch?v=W0DM5lcj6mw,4217756,117506
https://www.youtube.com/watch?v=6Dh-RL__uN4,12607069,914402
https://www.youtube.com/watch?v=WSsKIq0aqK4,2488,1
https://www.youtube.com/watch?v=cqlRmt73PzE,131368,16533
https://www.youtube.com/watch?v=vRXZj0DzXIA,18557621,1296291
https://www.youtube.com/watch?v=kJQP7kiw5Fk,48261894,5346790
https://www.youtube.com/watch?v=MBdVXkSdhwU,21731945,1079360
https://www.youtube.com/watch?v=K7BIPr6MBLo,64043,1333
https://www.youtube.com/watch?v=LDnsJy2BasM,115600,3952
https://www.youtube.com/watch?v=h_D3VFfhvs4,7261028,223134
https://www.youtube.com/watch?v=U4_IiCusOOc,202713,2708
https://www.youtube.com/watch?v=1D5cxbDbKMc,235018,4392
https://www.youtube.com/watch?v=TmKh7lAwnBI,7928490,308012
https://www.youtube.com/watch?v=yduLp7emdX8,10682,5143
https://www.youtube.com/watch?v=o-ACu1WWh_I,11339,457
https://www.youtube.com/watch?v=pBOU8eKYnEM,1425630,14907
https://www.youtube.com/watch?v=vwnpFEh6DDI,315993,9828
https://www.youtube.com/watch?v=gOMhN-hfMtY,4134436,129484
https://www.youtube.com/watch?v=6Mgqbai3fKo,9902804,792970
https://www.youtube.com/watch?v=M60Gu2SLJ3A,5577,230
https://www.youtube.com/watch?v=8zdg-pDF10g,296863,3332
https://www.youtube.com/watch?v=kffacxfA7G4,21174883,13121035
https://www.youtube.com/watch?v=JGwWNGJdvx8,29614620,1451876
https://www.youtube.com/watch?v=2zNB3CotyxM,435483,32568
https://www.youtube.com/watch?v=HGXxDOZ-Icg,822,8
https://www.youtube.com/watch?v=WoCvt7qOBks,12546,162
https://www.youtube.com/watch?v=WA4iX5D9Z64,3727564,170077
https://www.youtube.com/watch?v=wvpoGzmd5v4,66162,1398
https://www.youtube.com/watch?v=OD5sPf-Kgbc,17462,775
https://www.youtube.com/watch?v=S9f5Q7uRj5U,14791,260
https://www.youtube.com/watch?v=szCubxWdckw,590311,59650
https://www.youtube.com/watch?v=heaYw-10T18,209694,4930
https://www.youtube.com/watch?v=bvWRMAU6V-c,3779419,73129
https://www.youtube.com/watch?v=87gWaABqGYs,3740442,109485
https://www.youtube.com/watch?v=g6leIzDuAwg,14873,324
https://www.youtube.com/watch?v=4TZaIIblx7Q,2099,1
https://www.youtube.com/watch?v=QY-UcgUi6zI,20755,709
https://www.youtube.com/watch?v=ApXoWvfEYVU,12696242,447507
https://www.youtube.com/watch?v=GU-vN1BHwhQ,272871,13304
https://www.youtube.com/watch?v=Y5WMMFQUP4I,49871,5606
https://www.youtube.com/watch?v=xH9CBMYSyVQ,9680,233
https://www.youtube.com/watch?v=QsC1BinUPxo,81264,1690
https://www.youtube.com/watch?v=gBRi6aZJGj4,6731946,100242
https://www.youtube.com/watch?v=-0OJwoguQzY,3029,28
https://www.youtube.com/watch?v=Y2NkuFIlLEo,818765,11687
https://www.youtube.com/watch?v=2qb820L1SG0,445,34
https://www.youtube.com/watch?v=DKYGY0HVoHE,588371,17288
https://www.youtube.com/watch?v=s_eViPLUngU,280327,11446
https://www.youtube.com/watch?v=ZXmjhRkPVFc,114355,2495
https://www.youtube.com/watch?v=OBB-0OCCN9U,139760,4387
https://www.youtube.com/watch?v=dnKwRJgoX-w,4373,560
https://www.youtube.com/watch?v=JnJmBA8N-gY,184726,7629
https://www.youtube.com/watch?v=amhC8WYgNA4,509192,19710
https://www.youtube.com/watch?v=dNCWe_6HAM8,11385697,230056
https://www.youtube.com/watch?v=ZbGygtS4-Bc,11639,99
https://www.youtube.com/watch?v=lVZLHJIOVYY,499554,81039
https://www.youtube.com/watch?v=QMhVtPmPAW8,107990,1142
https://www.youtube.com/watch?v=M-P4QBt-FWw,5890488,137830
https://www.youtube.com/watch?v=KPYcso5TevE,2248,2810
https://www.youtube.com/watch?v=_wNsZEqpKUA,1172037,13874
https://www.youtube.com/watch?v=3tmd-ClpJxA,11939557,1373103
https://www.youtube.com/watch?v=whhXbtJgD_g,178126,5277
https://www.youtube.com/watch?v=2bb67GtsI80,60373,1199
https://www.youtube.com/watch?v=mDmF-7Uc3yo,16336,23
https://www.youtube.com/watch?v=irW1TR-0sbU,71251,1110
https://www.youtube.com/watch?v=e-ORhEE9VVg,13182083,766328
https://www.youtube.com/watch?v=QPdZvzOcFZE,2362,8
https://www.youtube.com/watch?v=U8c0moGaDzM,23546,1935
https://www.youtube.com/watch?v=5EQ8ctJmmUo,11713,2
https://www.youtube.com/watch?v=ktvTqknDobU,8853581,262031
https://www.youtube.com/watch?v=5X-Mrc2l1d0,2042661,45404
https://www.youtube.com/watch?v=Y7qd-2i20vU,1033,80
https://www.youtube.com/watch?v=YXY74kWderc,745266,21013
https://www.youtube.com/watch?v=r7qovpFAGrQ,10737688,335258
https://www.youtube.com/watch?v=ynqibTQqlaY,119816,6736
https://www.youtube.com/watch?v=tcrTQUVkUe0,956324,27715
https://www.youtube.com/watch?v=HhjHYkPQ8F0,4295463,73246
https://www.youtube.com/watch?v=tdX4ZolVUiw,8626,831
https://www.youtube.com/watch?v=uDAjINEp8H8,485198,11705
https://www.youtube.com/watch?v=6G7GulQJUIU,409665,33558
https://www.youtube.com/watch?v=aHyxoL9aZpk,13001,663
https://www.youtube.com/watch?v=gH-AAQ_Msrs,731,2
https://www.youtube.com/watch?v=hD1YtmKXNb4,2515646,24871
https://www.youtube.com/watch?v=ss9ygQqqL2Q,2060882,31292
https://www.youtube.com/watch?v=fJcSAwT7TYY,156,3
https://www.youtube.com/watch?v=KCwK2ECPDLA,43188,1716
https://www.youtube.com/watch?v=rHjhg_w09_c,167933,87422
https://www.youtube.com/watch?v=jR4vvMblYs0,23355,1478
https://www.youtube.com/watch?v=doLMt10ytHY,6052812,218146
https://www.youtube.com/watch?v=EbnH3VHzhu8,151823,8937
https://www.youtube.com/watch?v=b0nzCiAV1oM,8680,672
https://www.youtube.com/watch?v=FWI1BrV080g,22317,1153
https://www.youtube.com/watch?v=1_zgKRBrT0Y,12113236,946366
https://www.youtube.com/watch?v=Ot3H4TvJlpo,236624,15398
https://www.youtube.com/watch?v=QVLvD5_6ld0,224538,16509
https://www.youtube.com/watch?v=W94O9wg0qDY,1059,2
https://www.youtube.com/watch?v=CLrf5YCSsT8,270852,11727
https://www.youtube.com/watch?v=OIk1rdf3xHE,7363,6
https://www.youtube.com/watch?v=_ce7WX4l55A,703416,15879
https://www.youtube.com/watch?v=kO0QkDmFi3E,5358,118
https://www.youtube.com/watch?v=ow1QqW0jzTo,1255177,57293
https://www.youtube.com/watch?v=IBaSizQyC5g,2994521,174322
https://www.youtube.com/watch?v=OlgEycckLzo,521,43
https://www.youtube.com/watch?v=evy4n3gW7LU,1015,23
https://www.youtube.com/watch?v=B6_iQvaIjXw,4779718,142453
https://www.youtube.com/watch?v=ZpD-cgRSHs4,230,1
https://www.youtube.com/watch?v=91vECNhvmMY,2135562,80228
https://www.youtube.com/watch?v=oPPO_wqlG9Q,298148,2946
https://www.youtube.com/watch?v=87yshUAtf4Q,23986,2063
https://www.youtube.com/watch?v=xPQLcWV8lxU,177532,13734
https://www.youtube.com/watch?v=iXYyFqLi__8,18986,2133
https://www.youtube.com/watch?v=2Z0Put0teCM,161361,6495
https://www.youtube.com/watch?v=Gh-YmneIbEc,5900,361
https://www.youtube.com/watch?v=5hIECWe9Mbk,10439,1711
https://www.youtube.com/watch?v=oRdxUFDoQe0,5782122,180774
https://www.youtube.com/watch?v=aMuMT5TUrVc,8772,409
https://www.youtube.com/watch?v=MbeNyTzksFQ,69905,1765
https://www.youtube.com/watch?v=C6P6hrWyidA,668235,59395
https://www.youtube.com/watch?v=t2QL85K6eZU,107936,5055
https://www.youtube.com/watch?v=n8fAdRUkGuY,3667,224
https://www.youtube.com/watch?v=v2ERulDdSBU,1224,16
https://www.youtube.com/watch?v=aCiICRSXn0M,2162,27
https://www.youtube.com/watch?v=wRglA9_3F1U,178,4
https://www.youtube.com/watch?v=XBWyE1v8--I,3481747,40635
https://www.youtube.com/watch?v=liMkmUXdxCc,276035,3125
https://www.youtube.com/watch?v=kP_a19IqgT0,1628,6
https://www.youtube.com/watch?v=bX3S-_jUauc,5952308,215753
https://www.youtube.com/watch?v=8t5755VV3Kg,1867,7
https://www.youtube.com/watch?v=osTJc5e1Cyo,1720030,66348
https://www.youtube.com/watch?v=_YqNemP6IhI,17417,285
https://www.youtube.com/watch?v=NLGdIWkhvAc,15509,1902
https://www.youtube.com/watch?v=QO7e_RiMVQg,528751,6736
https://www.youtube.com/watch?v=3vDuSr2VLmw,30561,520
https://www.youtube.com/watch?v=rzbiEq5vgxI,41816,55228
https://www.youtube.com/watch?v=B111sTzYFaQ,12059,248
https://www.youtube.com/watch?v=ws00k_lIQ9U,5392813,349321
https://www.youtube.com/watch?v=Ac5tUDHlacU,437113,11107
https://www.youtube.com/watch?v=c4BLVznuWnU,1763352,32496
https://www.youtube.com/watch?v=HzZ_urpj4As,2320755,74298
https://www.youtube.com/watch?v=L8eRzOYhLuw,5840930,348904
https://www.youtube.com/watch?v=58u-zkDLNPg,3095945,181004
https://www.youtube.com/watch?v=FjC5XHyK7hE,64351,3591
https://www.youtube.com/watch?v=QYh6mYIJG2Y,14659800,606321
https://www.youtube.com/watch?v=DiItGE3eAyQ,12244234,923778
https://www.youtube.com/watch?v=32si5cfrCNc,14693771,646983
https://www.youtube.com/watch?v=zB4juWeade8,53197,1249
https://www.youtube.com/watch?v=FbQB2TvRe0A,9990,755
https://www.youtube.com/watch?v=Q527XDLEpfU,2070701,297539
https://www.youtube.com/watch?v=Y2E71oe0aSM,2951594,112374
https://www.youtube.com/watch?v=hNAQoYXJgEM,2627,64
https://www.youtube.com/watch?v=_EjtVzK5UFY,39116,1024
https://www.youtube.com/watch?v=heZvpfJ3ldk,2127,17
https://www.youtube.com/watch?v=zrJtFy51fRo,189237,7177
https://www.youtube.com/watch?v=TTUHMmxOxS4,901,5
https://www.youtube.com/watch?v=RMc9qFrCqno,569422,25403
https://www.youtube.com/watch?v=cP7AugSfE3w,1813,13
https://www.youtube.com/watch?v=r5SCLjDa9Vw,13963,3740
https://www.youtube.com/watch?v=XyLePe-j7gc,31210,14677
https://www.youtube.com/watch?v=dISNgvVpWlo,8815712,292739
https://www.youtube.com/watch?v=ikebWCNAt0k,50050,3530
https://www.youtube.com/watch?v=gxFPpAbLctk,57907,764
https://www.youtube.com/watch?v=QamGk6o9lZs,124327,8836
https://www.youtube.com/watch?v=2j9RcvNRywQ,203936,492
https://www.youtube.com/watch?v=UXAdlaUhrlE,1513363,52519
https://www.youtube.com/watch?v=OrY8NdV6QVg,4652,26
https://www.youtube.com/watch?v=t_jHrUE5IOk,6237279,658814
https://www.youtube.com/watch?v=xKKucGJGO-0,1177,4
https://www.youtube.com/watch?v=zj3fThJsKVw,25215,18
https://www.youtube.com/watch?v=yybUX3f9J18,288578,40404
https://www.youtube.com/watch?v=qLhL-I-hPM8,877,9
https://www.youtube.com/watch?v=1GS7wxWPaxc,3113474,76901
https://www.youtube.com/watch?v=1AKlxgybJwE,2974,313
https://www.youtube.com/watch?v=vMLk_T0PPbk,5109707,305071
https://www.youtube.com/watch?v=3nWKdwCOHc4,536,56
https://www.youtube.com/watch?v=ZCqG45PtfkE,200747,10158
https://www.youtube.com/watch?v=42HTsCnygGI,23065,3720
https://www.youtube.com/watch?v=nlDQfSyBnhA,1438,28
https://www.youtube.com/watch?v=q0hyYWKXF0Q,14253236,908335
https://www.youtube.com/watch?v=0oMdnBF5cuk,4608,28
https://www.youtube.com/watch?v=ani1O1JJSxM,3411,17
https://www.youtube.com/watch?v=IogPHjiS_HU,2606,787
https://www.youtube.com/watch?v=Gsr_Jy56T4g,38080,561
https://www.youtube.com/watch?v=IC-CwFr29no,615276,32336
https://www.youtube.com/watch?v=XGP-CTyaVRE,42,0
https://www.youtube.com/watch?v=d4Fv_huKlzI,7849,14
https://www.youtube.com/watch?v=0zBSw5Rg41w,201442,3366
https://www.youtube.com/watch?v=Hjx9TJQlBsM,28561,1210
https://www.youtube.com/watch?v=WWCsGEarExg,556559,26954
https://www.youtube.com/watch?v=orJSJGHjBLI,3655372,145083
https://www.youtube.com/watch?v=MrlNCKnRqjw,36794,29
https://www.youtube.com/watch?v=yYPNrg-s-NI,258376,121065
https://www.youtube.com/watch?v=LwzN_v7GPMs,774502,22397
https://www.youtube.com/watch?v=sdAOoB5ML0Q,781014,15419
https://www.youtube.com/watch?v=vhO0T5tobeU,6556,76
https://www.youtube.com/watch?v=9nClXHVdK4I,91796,4737
https://www.youtube.com/watch?v=VuNIsY6JdUw,8352601,254258
https://www.youtube.com/watch?v=KhXiCqeM7g0,58411,5972
https://www.youtube.com/watch?v=EgBJmlPo8Xw,4836855,98296
https://www.youtube.com/watch?v=LTppaeecuIE,51957,409
https://www.youtube.com/watch?v=5eBBdBEbbXQ,1341958,71028
https://www.youtube.com/watch?v=Aoprd0NXd_I,148,4
https://www.youtube.com/watch?v=9xG5aPvrS-k,676173,7757
https://www.youtube.com/watch?v=3SqnNVrVCD8,6041,12
https://www.youtube.com/watch?v=BXLKPrmKMfM,5809,194
https://www.youtube.com/watch?v=l7ddWtP1DW8,215337,1160
https://www.youtube.com/watch?v=i0p1bmr0EmE,6228554,300210
https://www.youtube.com/watch?v=tollGa3S0o8,4078577,30912
https://www.youtube.com/watch?v=Z_MvkyuOJgk,403030,10540
https://www.youtube.com/watch?v=wrbqApmF8Jk,628,2
https://www.youtube.com/watch?v=bNTRIdraX8c,407837,13148
https://www.youtube.com/watch?v=PivWY9wn5ps,1052564,24131
https://www.youtube.com/watch?v=nikm4zpKCPM,110314,15729
https://www.youtube.com/watch?v=3PZujKb478U,1095,55
https://www.youtube.com/watch?v=-8VfKZCOo_I,1235492,86190
https://www.youtube.com/watch?v=mpsPysoi1PU,2347,28
https://www.youtube.com/watch?v=hAUBfAwO3Y8,2092,25
https://www.youtube.com/watch?v=2fDVXFlHtdE,271325,1622
https://www.youtube.com/watch?v=FuWRMIwANko,22804,300
https://www.youtube.com/watch?v=vnR_tbW5Xyc,2368,17
https://www.youtube.com/watch?v=eoiWhRo3A7w,1355749,77898
https://www.youtube.com/watch?v=5qap5aO4i9A,7519000,130935
https://www.youtube.com/watch?v=VZOBjI-Vm8w,169659,4513
https://www.youtube.com/watch?v=x34H5sk75XQ,156785,4262
https://www.youtube.com/watch?v=PV4NGwn_xdI,176480,3897
https://www.youtube.com/watch?v=G8APgeFfkAk,1069716,26518
https://www.youtube.com/watch?v=HZRMonTRP30,692222,12477
https://www.youtube.com/watch?v=j440-D5JhjI,216011,14459
https://www.youtube.com/watch?v=GPMs_TF2Jhc,24,3
https://www.youtube.com/watch?v=QcIy9NiNbmo,8959283,597580
https://www.youtube.com/watch?v=bVmYuvJ_4v0,39285,1720
https://www.youtube.com/watch?v=TOg39GWD5-E,35423,168
https://www.youtube.com/watch?v=pTdjcLlElD4,298431,3339
https://www.youtube.com/watch?v=lTfnbume5vQ,30845,11421
https://www.youtube.com/watch?v=dmW68lzaaqs,5213615,101546
https://www.youtube.com/watch?v=oyEuk8j8imI,7807471,520443
https://www.youtube.com/watch?v=dyRsYk0LyA8,14231904,339382
https://www.youtube.com/watch?v=XbGs_qK2PQA,17593828,509566
https://www.youtube.com/watch?v=tQjsAJhsSw8,2214691,87335
https://www.youtube.com/watch?v=F0pPYWsPocs,1996,56
https://www.youtube.com/watch?v=SPKroWFDhOw,1504,0
https://www.youtube.com/watch?v=acEOASYioGY,4403152,237041
https://www.youtube.com/watch?v=9yt2Dki5aVk,618,7
https://www.youtube.com/watch?v=pQCGBEdx8xQ,313209,8923
https://www.youtube.com/watch?v=hVhCHf1FqlQ,6687,147
https://www.youtube.com/watch?v=SV998yGXZys,8150,246
https://www.youtube.com/watch?v=GhOFMaqiAOE,307786,16470
https://www.youtube.com/watch?v=xidqaAxFZvk,239390,10801
https://www.youtube.com/watch?v=C78saIkYKAM,6504,121
https://www.youtube.com/watch?v=x021-5vgY6o,1009,0
https://www.youtube.com/watch?v=3OHdYfSYTVY,324,4
https://www.youtube.com/watch?v=QJJqm5cClxk,12439,787
https://www.youtube.com/watch?v=IHNzOHi8sJs,20956905,1139181
https://www.youtube.com/watch?v=-BjZmE2gtdo,2828257,104541
https://www.youtube.com/watch?v=8MEUWEvABTI,89328,109355
https://www.youtube.com/watch?v=D9G1VOjN_84,3983716,32743
https://www.youtube.com/watch?v=ttWQK5VXskA,787753,25949
https://www.youtube.com/watch?v=6txSmc8napQ,464874,23818
https://www.youtube.com/watch?v=lNxiwPtqJgI,24427,744
https://www.youtube.com/watch?v=dZ0fwJojhrs,5547972,586761
https://www.youtube.com/watch?v=CVa3Hwh5IiI,31052,887
https://www.youtube.com/watch?v=gwTMza5XbXo,122,9
https://www.youtube.com/watch?v=MCJAE-NtAXU,15859,714
https://www.youtube.com/watch?v=tcYodQoapMg,7761030,166243
https://www.youtube.com/watch?v=DJ-wRLZd6eU,1087,24
https://www.youtube.com/watch?v=DyDfgMOUjCI,17360427,1101547
https://www.youtube.com/watch?v=1VxNiJ0Zt9k,442,2
https://www.youtube.com/watch?v=aSjflT_J0Xo,6693755,286284
https://www.youtube.com/watch?v=mT-avWT4NXQ,4783,196
https://www.youtube.com/watch?v=kcYS_cUwr-8,2654242,170178
https://www.youtube.com/watch?v=a2ZwrurfTNU,474,2
https://www.youtube.com/watch?v=vb8wloc4Xpw,2257636,169494
https://www.youtube.com/watch?v=MuEhrNDetwk,61252,129
https://www.youtube.com/watch?v=wYZux3BMc5k,2442244,111009
https://www.youtube.com/watch?v=GVR1DRQk2k4,14980,201
https://www.youtube.com/watch?v=PveR9ZdtLbY,622401,50417
https://www.youtube.com/watch?v=dsUXAEzaC3Q,2649146,75955
https://www.youtube.com/watch?v=5UMCrq-bBCg,1450710,14196
https://www.youtube.com/watch?v=uu3IBPlWq7I,33933,358
https://www.youtube.com/watch?v=3WPVvV1U0hg,2092,27
https://www.youtube.com/watch?v=QnzbBzOGHPA,99068,5141
https://www.youtube.com/watch?v=zOhDt1kin5o,292412,10048
https://www.youtube.com/watch?v=wV3N-wCRL2k,4669730,3250641
https://www.youtube.com/watch?v=uPLCSNHN9Mk,4535,33
https://www.youtube.com/watch?v=afUx6AIG3Tg,3786727,255316
https://www.youtube.com/watch?v=wI5zWSDiF3s,88078,805
https://www.youtube.com/watch?v=ca48oMV59LU,1275223,52688
https://www.youtube.com/watch?v=6DRkf3kZMXw,4026739,239899
https://www.youtube.com/watch?v=c-pdwrYt6bs,965,11
https://www.youtube.com/watch?v=WG0WP6jgESs,566494,51708
https://www.youtube.com/watch?v=TkFHYODzRTs,571776,19068
https://www.youtube.com/watch?v=Az-mGR-CehY,3853701,81788
https://www.youtube.com/watch?v=XA2YEHn-A8Q,4255572,107668
https://www.youtube.com/watch?v=Dkk9gvTmCXY,4342001,331019
https://www.youtube.com/watch?v=ZKh4mggqs3Y,3769,191
https://www.youtube.com/watch?v=NQR6GTFR5-g,2614,41
https://www.youtube.com/watch?v=4Rgqc-9MPIY,66530,15373
https://www.youtube.com/watch?v=lCZULuBmToM,31244,1733
https://www.youtube.com/watch?v=_2yM8MM9qNs,45038,13849
https://www.youtube.com/watch?v=TbuzMy8gHTE,159569,1044
https://www.youtube.com/watch?v=X8sSXU-J8fI,2896864,162638
https://www.youtube.com/watch?v=KWGrPNqz4uc,5875218,428052
https://www.youtube.com/watch?v=u7zcSHgKNLY,64249,4500
https://www.youtube.com/watch?v=a0GBFPj7LKQ,29355,1163
https://www.youtube.com/watch?v=bPs0xFd4skY,1000427,19054
https://www.youtube.com/watch?v=DpacO4GOIuQ,153748,843
https://www.youtube.com/watch?v=4KJ7jhRUcfU,16561,6373
https://www.youtube.com/watch?v=2_YW1abNbxA,1787,229
https://www.youtube.com/watch?v=rnMIWj_t3Ow,306950,7008
https://www.youtube.com/watch?v=VqEbCxg2bNI,7768768,785261
https://www.youtube.com/watch?v=75PpxGzR7s0,510271,14992
https://www.youtube.com/watch?v=zLpVBsvcrAg,231764,2543
https://www.youtube.com/watch?v=fNZwGdSukkw,2313,36
https://www.youtube.com/watch?v=QQuoPIMNi5U,20504,7018
https://www.youtube.com/watch?v=HBi-qJZf4pE,7175,0
https://www.youtube.com/watch?v=SC4xMk98Pdc,8692145,417678
https://www.youtube.com/watch?v=NxilU56kPu0,46261,1820
https://www.youtube.com/watch?v=gU2HqP4NxUs,4519884,97903
https://www.youtube.com/watch?v=Tc0tLGWIqxA,1071329,20032
https://www.youtube.com/watch?v=qSPoWWOzIv8,862945,30204
https://www.youtube.com/watch?v=RUQl6YcMalg,6868958,191610
https://www.youtube.com/watch?v=NVdSbJWdzbU,1223,21
https://www.youtube.com/watch?v=8fqm3uht5xU,185196,1279
https://www.youtube.com/watch?v=EXEqkVXFLhI,866785,13259
https://www.youtube.com/watch?v=_8cDGfrMh0o,161156,26834
https://www.youtube.com/watch?v=POQYDjhIn6Y,5927,35
https://www.youtube.com/watch?v=M1AO1BdJ0HA,8584,1045
https://www.youtube.com/watch?v=R05b8gIAiQw,3698,13
https://www.youtube.com/watch?v=wQkySo2tu1k,494,23
https://www.youtube.com/watch?v=Fp8msa5uYsc,2218639,30361
https://www.youtube.com/watch?v=kijpcUv-b8M,2387306,55242
https://www.youtube.com/watch?v=E10WufZ8NkY,95608,1378
https://www.youtube.com/watch?v=OFJ8ucjJMXI,3113,13
https://www.youtube.com/watch?v=2bHBUs-k3ac,10337,409
https://www.youtube.com/watch?v=4Af8bGKUXJ0,12254,89
https://www.youtube.com/watch?v=_Yhyp-_hX2s,8280694,226161
https://www.youtube.com/watch?v=qzRIc14LC9U,336154,2741
https://www.youtube.com/watch?v=IhdsAPQ_jbs,207425,3482
https://www.youtube.com/watch?v=gl1aHhXnN1k,12992691,523300
https://www.youtube.com/watch?v=7ZP_Fubqwcg,175048,3260
https://www.youtube.com/watch?v=UceaB4D0jpo,11851405,345019
https://www.youtube.com/watch?v=sTKSGM1RCFs,13,0
https://www.youtube.com/watch?v=5TBW-uCkvtA,194420,35013
https://www.youtube.com/watch?v=xQOO2xGQ1Pc,4046883,64571
https://www.youtube.com/watch?v=a5dHwAqlDYs,13168,4435
https://www.youtube.com/watch?v=-PehOkBrFwg,1973,28
https://www.youtube.com/watch?v=RNzQdcPWWX4,1875965,58468
https://www.youtube.com/watch?v=pqY3erfHNH4,15032,294
https://www.youtube.com/watch?v=DS_Yqkns7uM,7623,9
https://www.youtube.com/watch?v=WkgHkrM9fo0,3844106,123332
https://www.youtube.com/watch?v=BtEirt817oI,8108,0
https://www.youtube.com/watch?v=Gwna7e7Pkog,12826,19
https://www.youtube.com/watch?v=zx5fZYkQW8k,401,61
https://www.youtube.com/watch?v=Ck4xHocysLw,1568172,86236
https://www.youtube.com/watch?v=KtbVbCTzZd8,1126081,50672
https://www.youtube.com/watch?v=pBuZEGYXA6E,19247161,900200
https://www.youtube.com/watch?v=fKopy74weus,11168205,515686
https://www.youtube.com/watch?v=ZDWQtlBSm_Y,5968,295
https://www.youtube.com/watch?v=HUHC9tYz8ik,8039150,246110
https://www.youtube.com/watch?v=dTuSAkfuYLc,38257,1239
https://www.youtube.com/watch?v=m8E3Dh-gfhM,43091,575
https://www.youtube.com/watch?v=-CmadmM5cOk,3477340,159145
https://www.youtube.com/watch?v=BFlG5sD540k,2039031,90608
https://www.youtube.com/watch?v=2SDuYxhZjfI,14081,143
https://www.youtube.com/watch?v=qov0ypksviU,1842844,215836
https://www.youtube.com/watch?v=O3ElohqHEzQ,247475,4239
https://www.youtube.com/watch?v=CPK_IdHe1Yg,3791435,147769
https://www.youtube.com/watch?v=omVvuL0lOes,40749,1249
https://www.youtube.com/watch?v=sOnqjkJTMaA,5940351,305275
https://www.youtube.com/watch?v=fjZWlWOg8DI,17311,280
https://www.youtube.com/watch?v=tQwVKr8rCYw,1729131,55271
https://www.youtube.com/watch?v=kKYSykKFakI,821,63
https://www.youtube.com/watch?v=fGBKhdMqtow,35,0
https://www.youtube.com/watch?v=XqZsoesa55w,34812311,16160922
https://www.youtube.com/watch?v=4-TbQnONe_w,1635202,65576
https://www.youtube.com/watch?v=U9VeFK8HiiQ,384,5
https://www.youtube.com/watch?v=DmPElzo2cA4,8227,1469
https://www.youtube.com/watch?v=JktwRXYTDYc,239795,20335
https://www.youtube.com/watch?v=f5omY8jVrSM,3421083,150565
https://www.youtube.com/watch?v=D4hzD-J-CrU,1527,4
https://www.youtube.com/watch?v=odURyRNppM0,1040,18
https://www.youtube.com/watch?v=NIRuH51h6m0,175133,4167
https://www.youtube.com/watch?v=TIFfc1iEWFk,7512,616
https://www.youtube.com/watch?v=DmKpePzn5-c,905074,145032
https://www.youtube.com/watch?v=PSO8vSizOYA,114636,2401
https://www.youtube.com/watch?v=qleJpzB4q7A,852615,12277
https://www.youtube.com/watch?v=k157GjJHvK4,179790,1795
https://www.youtube.com/watch?v=Ud0O9bF_tCc,66928,318
https://www.youtube.com/watch?v=1J3Wzxp-RO4,311500,838461
https://www.youtube.com/watch?v=mUngYa0rnig,78022,3110
https://www.youtube.com/watch?v=-6-AnhFG3cI,82893,7278
https://www.youtube.com/watch?v=mGnTwHpZMyw,8,0
https://www.youtube.com/watch?v=f5_wn8mexmM,5332329,96617
https://www.youtube.com/watch?v=V5M2WZiAy6k,2313321,42672
https://www.youtube.com/watch?v=sSlo03Q5uWk,1662,176
https://www.youtube.com/watch?v=BDPiL2vKy2M,8493,16
https://www.youtube.com/watch?v=l3RfXVxo6pQ,4760,5
https://www.youtube.com/watch?v=M7hbMpqlk68,2065,9177
https://www.youtube.com/watch?v=j51hW59U1IM,164645,573
https://www.youtube.com/watch?v=LgesbsaGKlE,47285,322
https://www.youtube.com/watch?v=8w7chA9Wnuw,618657,4295
https://www.youtube.com/watch?v=au2n7VVGv_c,5822890,222302
https://www.youtube.com/watch?v=Zi_XLOBDo_Y,8403328,246502
https://www.youtube.com/watch?v=sBspSJWRT2E,1027678,30733
https://www.youtube.com/watch?v=kt14c7sYTFA,301018,3946
https://www.youtube.com/watch?v=CevxZvSJLk8,14929579,1071716
https://www.youtube.com/watch?v=nA-BhDmilHE,21,0
https://www.youtube.com/watch?v=2u2Z07ujyD8,226568,8001
https://www.youtube.com/watch?v=hHB1Ikzfpmc,265512,3307
https://www.youtube.com/watch?v=ioNng23DkIM,23286624,1257799
https://www.youtube.com/watch?v=nSDgHBxUbVQ,6268986,169914
https://www.youtube.com/watch?v=OylDfdhPcjA,168,2
https://www.youtube.com/watch?v=gwkqL8PhCXA,120444,1858
https://www.youtube.com/watch?v=vWEtdwJc2Ww,7539,18
https://www.youtube.com/watch?v=H2yHtylvoiE,215,7
https://www.youtube.com/watch?v=V-hwrOcuXOM,299217,2179
https://www.youtube.com/watch?v=ssvrReWSQpk,234333,13458
https://www.youtube.com/watch?v=8kAWPnFUbPc,3367,7
https://www.youtube.com/watch?v=zoYgCg6i9C8,312277,25695
https://www.youtube.com/watch?v=FttjE-tCZtI,222266,1676
https://www.youtube.com/watch?v=msZ1nSBkROc,12003,2000
https://www.youtube.com/watch?v=WSRWo4ZhnHM,4273,67
https://www.youtube.com/watch?v=FITJWAmz6Es,17847,580
https://www.youtube.com/watch?v=-L1PrZf6OTU,84421,123
https://www.youtube.com/watch?v=K0ibBPhiaG0,2856004,84085
https://www.youtube.com/watch?v=XSiO-30-E1Y,596,17
https://www.youtube.com/watch?v=tCXGJQYZ9JA,4097881,221156
https://www.youtube.com/watch?v=lCiV4wACZ8w,800343,21433
https://www.youtube.com/watch?v=xsZ9hpMgLvA,193050,599
https://www.youtube.com/watch?v=58-uQZQhvIA,11704,258
https://www.youtube.com/watch?v=uvwZo2uu63U,204,5
https://www.youtube.com/watch?v=s6MR2xIXF08,16,0
https://www.youtube.com/watch?v=pbMwTqkKSps,12416450,390410
https://www.youtube.com/watch?v=ejW2444gqlM,3109,178
https://www.youtube.com/watch?v=S9bCLPwzSC0,3860405,88159
https://www.youtube.com/watch?v=XKDciUz-DpE,212164,655
https://www.youtube.com/watch?v=7EMhcvvWwTg,45810,9746
https://www.youtube.com/watch?v=v3xwCkhmies,1206023,26623
https://www.youtube.com/watch?v=WEC4iwfN9zA,205267,714
https://www.youtube.com/watch?v=FeBnAki2H5s,5343,14
https://www.youtube.com/watch?v=pekzpzNCNDQ,708641,10757
https://www.youtube.com/watch?v=WAcnWtZjDWE,3626467,209798
https://www.youtube.com/watch?v=anbrC6s0RD4,241083,9785
https://www.youtube.com/watch?v=GuW9nMhIrvw,3834,197
https://www.youtube.com/watch?v=ZnO8FHBdBC0,180814,32541
https://www.youtube.com/watch?v=bwejAMHKSrQ,6409,149
https://www.youtube.com/watch?v=iJacR-OqyQs,1816,100
https://www.youtube.com/watch?v=3farSqm-AxM,86722,1784
https://www.youtube.com/watch?v=Jqi4GBxmwgg,628561,17359
https://www.youtube.com/watch?v=EIzcw5fVUtY,13067,336
https://www.youtube.com/watch?v=SPdFMRrZMXY,29177,17543
https://www.youtube.com/watch?v=qlxG078jo08,29219,1102
https://www.youtube.com/watch?v=SeeKlms3ik8,15244,7224
https://www.youtube.com/watch?v=V1Pl8CzNzCw,22188536,329547
https://www.youtube.com/watch?v=zAWsoFk2yVw,4275329,215114
https://www.youtube.com/watch?v=zSq6Jk-sFFs,34237,1633
https://www.youtube.com/watch?v=OkmVcYtCqjw,222808,7816
https://www.youtube.com/watch?v=8_w0DYL9Zxg,9306,21
https://www.youtube.com/watch?v=9ycKaF-64qg,124625,2108
https://www.youtube.com/watch?v=dkeOLGnq938,17335,7472
https://www.youtube.com/watch?v=-0Xn4kd8xqY,59908,9627
https://www.youtube.com/watch?v=wJ_P8XvobIQ,442126,232360
https://www.youtube.com/watch?v=-eGEKFMHGr8,292337,23428
https://www.youtube.com/watch?v=KXw8CRapg7k,1041087,20925
https://www.youtube.com/watch?v=SXiSVQZLje8,11207203,595694
https://www.youtube.com/watch?v=P2KRKxAb2ek,1440716,308024
https://www.youtube.com/watch?v=NIOIKdylRcM,210715,6932
https://www.youtube.com/watch?v=wPlEp-lgaFk,4753,28
https://www.youtube.com/watch?v=zkEu2drC6GI,6317,14
https://www.youtube.com/watch?v=Ks1Rgv1enjE,18117,35363
https://www.youtube.com/watch?v=frNjBYk3SRw,409127,25007
https://www.youtube.com/watch?v=ayd3yWr4tqU,2950052,80514
https://www.youtube.com/watch?v=eJO5HU_7_1w,5487826,126387
https://www.youtube.com/watch?v=6XpLpTiBCQQ,4188,26
